Aligned,A_composition,C_composition,G_composition,U_composition,PSTP1,PSTP2,PSTP3,PSTP4,PSTP5,PSTP6,PSTP7,PSTP8,PSTP9,PSTP10,PSTP11,PSTP12,PSTP13,PSTP14,PSTP15,PSTP16,PSTP17,PSTP18,PSTP19,PSQP1,PSQP2,PSQP3,PSQP4,PSQP5,PSQP6,PSQP7,PSQP8,PSQP9,PSQP10,PSQP11,PSQP12,PSQP13,PSQP14,PSQP15,PSQP16,PSQP17,PSQP18,PSPP1,PSPP2,PSPP3,PSPP4,PSPP5,PSPP6,PSPP7,PSPP8,PSPP9,PSPP10,PSPP11,PSPP12,PSPP13,PSPP14,PSPP15,PSPP16,PSPP17,Class
GCUAAACAGGUACUGCUGGGC,0.238,0.238,0.333,0.19,0.01,-0.01,0.01,0.07,0.02,-0.01,0,-0.02,-0.01,-0.02,-0.02,0,0.01,0,0.02,-0.01,-0.01,-0.03,-0.04,0,-0.01,0.02,0.03,0.01,0,-0.01,-0.02,-0.01,-0.01,0,0,0,-0.01,-0.02,-0.01,-0.01,-0.02,0,-0.01,0,0.02,0,0,0,-0.02,-0.01,0,0,0,0,0.01,0,0,0,1
UUAUUGAGUGUCUACUGUGUG,0.143,0.095,0.286,0.476,0.01,-0.01,0.01,-0.02,-0.01,-0.01,-0.05,0,-0.05,-0.02,-0.06,-0.02,-0.03,-0.02,-0.04,0,-0.01,0,-0.04,-0.01,-0.02,-0.02,0,-0.01,-0.02,-0.01,0,-0.01,-0.01,-0.02,-0.01,-0.01,-0.01,-0.02,-0.01,-0.01,-0.01,0,-0.02,-0.01,0,0,0,0,0,0,-0.01,-0.01,0,-0.01,-0.01,0,0,0,1
GAUAAACUGUUACGCAUAUAU,0.381,0.143,0.143,0.333,-0.02,-0.01,-0.03,-0.01,0.02,0.02,0,0,-0.05,-0.02,0.01,0.01,0.04,0.01,-0.01,-0.03,-0.01,0,0.01,-0.01,-0.01,-0.01,-0.01,0,0,-0.01,0,-0.01,0.02,0.01,0.03,0,0,-0.02,-0.01,-0.01,0,0,-0.01,-0.01,-0.01,0.01,0.01,0,0,0,0.01,-0.01,0,0,0.01,0,0,0,1
UUGUCGGUGUUAACAAAAUGG,0.286,0.095,0.286,0.333,-0.03,-0.01,0.01,-0.01,-0.02,0,-0.01,-0.01,-0.03,-0.1,-0.02,0.01,-0.01,0,0.03,-0.01,0.01,0.02,-0.03,-0.01,-0.01,-0.01,-0.01,-0.01,-0.01,-0.01,-0.01,-0.01,-0.02,0.01,-0.01,-0.02,0,-0.01,0,0,-0.01,0,-0.01,0,0,0,0,0,-0.01,0,-0.02,0,-0.01,-0.01,-0.01,0,0,0.02,1
UCGGGCCUAGUUCAAACCUUU,0.19,0.286,0.19,0.333,-0.01,-0.01,-0.01,-0.02,-0.01,0,-0.03,-0.03,0.03,0.03,0.01,0,-0.02,-0.03,0,-0.01,-0.03,-0.01,-0.04,-0.01,-0.01,-0.01,-0.01,-0.01,-0.01,-0.02,-0.03,0,-0.01,0,-0.01,-0.01,-0.03,0,-0.02,-0.03,-0.02,0.01,0,0,0,0,0,0,-0.01,0,0,-0.01,0,0,0,0.02,0,-0.01,1
UUUUUAAGUAUACAGGGGUCU,0.238,0.095,0.238,0.429,-0.03,-0.02,0.04,0.01,0.01,-0.01,-0.01,-0.02,-0.05,0,0.05,0.02,-0.02,0.05,-0.01,0,0.01,-0.01,0,-0.02,0.01,0.01,0,-0.01,-0.01,-0.01,-0.02,-0.05,0.01,0.02,0,-0.01,-0.01,-0.01,-0.01,-0.01,-0.01,-0.01,0.01,0,0,0,0,0,0,0,0,0.01,-0.01,-0.01,0,-0.01,-0.01,-0.01,1
GGCCGGUCUGUAGCGGAUCAC,0.143,0.286,0.381,0.19,-0.01,-0.01,-0.02,0,-0.01,0.01,0,0.02,0.06,0.07,-0.03,-0.03,-0.06,-0.02,-0.01,-0.01,0.02,-0.03,-0.03,0,-0.02,-0.01,0,0,0,0.01,0.02,0,-0.01,-0.03,-0.02,-0.01,0,-0.03,-0.01,-0.01,-0.04,0,0,0,0,0.01,-0.01,0.01,0.03,0.01,0,0,-0.01,-0.01,0,0,0,-0.03,1
UAGCUAUCGCUUCUCGGCCUU,0.095,0.333,0.19,0.381,-0.01,0,0,-0.03,-0.04,-0.03,-0.03,0.01,-0.05,0,-0.05,-0.01,-0.01,0,-0.01,-0.03,0,-0.01,-0.04,0,0,-0.01,-0.03,-0.01,-0.01,0.01,0.01,-0.05,-0.04,-0.01,-0.01,-0.01,0,-0.02,-0.01,0,-0.01,-0.01,0,0,-0.01,-0.01,0,0,0,0,0,0,-0.01,0,0,0,0,-0.01,1
UGAAAGUAACUUUGCCCGAGC,0.286,0.238,0.238,0.238,-0.02,0,0,-0.01,0,-0.03,0.02,-0.01,-0.01,0,0.02,0,0,0,-0.02,-0.01,-0.03,-0.01,-0.01,-0.01,-0.02,-0.01,-0.01,-0.01,-0.01,-0.01,-0.01,0.01,0,0,-0.01,-0.01,-0.01,-0.01,-0.02,-0.01,-0.01,0,-0.01,-0.01,0,0,0,0,0,0.01,-0.01,0,0,0,0,0,0,0,1
ACUAUUCUGUUAAAAUCAGGA,0.381,0.143,0.143,0.333,0,-0.03,-0.01,-0.04,-0.02,-0.02,0,-0.03,0,0.03,-0.07,-0.03,0.01,-0.01,0,0,0.02,-0.01,-0.01,-0.02,0,-0.01,-0.02,-0.02,-0.01,-0.01,-0.03,-0.01,0,-0.03,0,-0.01,0,-0.01,-0.01,0,-0.01,0,0,0,-0.02,0,0.01,0,-0.02,0,0,0,0,0,0.01,-0.01,-0.01,0,1
GCAGCUGCCUUUCCAACAGCC,0.19,0.429,0.19,0.19,-0.01,-0.03,-0.03,-0.04,-0.05,-0.03,-0.01,-0.01,0.03,0.01,0.01,0.01,-0.01,0,-0.01,-0.01,-0.03,-0.04,-0.01,-0.01,-0.02,-0.03,-0.02,-0.02,-0.01,-0.01,-0.01,-0.01,0.01,0.01,-0.01,-0.01,-0.01,-0.01,-0.02,-0.02,-0.02,-0.01,0,-0.02,-0.01,0,0,0,-0.01,0,0,-0.01,0,-0.01,0,0,-0.01,-0.01,1
CAAAAUGACUUUCGUUCUUCU,0.238,0.238,0.095,0.429,-0.01,0,-0.03,-0.03,-0.02,-0.02,-0.01,-0.01,0,0.01,0.01,0,-0.01,0.01,-0.01,-0.02,0,0.02,-0.04,-0.01,0,-0.04,-0.01,-0.01,-0.01,-0.01,-0.01,0,0.01,0,-0.01,-0.01,0,-0.03,-0.01,-0.01,-0.01,-0.02,-0.02,-0.02,-0.01,0,-0.01,0,-0.01,0,0,0.01,0,-0.01,0,-0.01,0,0,1
UUCAGAUACUUACAUAGUUUU,0.286,0.143,0.095,0.476,-0.01,-0.01,0.01,-0.03,0.02,-0.01,0.01,-0.01,-0.04,-0.1,-0.07,-0.05,-0.01,-0.01,-0.01,-0.01,-0.01,-0.01,-0.04,-0.01,-0.01,-0.01,-0.01,-0.01,-0.01,-0.01,-0.01,-0.05,-0.06,-0.05,-0.01,-0.01,-0.01,-0.01,-0.01,-0.01,-0.02,-0.01,0,-0.01,0,-0.01,0,0,-0.02,-0.01,-0.03,-0.02,0,0,0,-0.01,0.01,-0.01,1
CCGAAUCAACUUUGCCGUGUU,0.19,0.286,0.19,0.333,0,-0.03,-0.03,-0.02,-0.01,0.05,0.01,-0.03,-0.06,0.02,-0.05,-0.01,-0.03,-0.03,-0.01,-0.01,0.02,-0.03,-0.03,0,-0.02,-0.02,-0.02,0.01,0.01,-0.01,-0.03,-0.01,-0.01,-0.01,-0.02,-0.02,-0.02,-0.03,-0.01,-0.01,-0.04,0,0,0,-0.01,0.01,0,-0.01,-0.02,0.01,0,-0.02,-0.01,-0.01,0,0,0,-0.03,1
GACUCAAAGUUACUCUCCUUC,0.238,0.333,0.095,0.333,-0.01,-0.05,-0.03,-0.01,-0.02,-0.02,-0.03,0.01,0,0.03,-0.02,-0.03,-0.02,0,-0.01,-0.01,-0.02,-0.02,-0.01,-0.01,-0.02,-0.03,-0.01,-0.02,-0.02,0,0.01,-0.02,-0.01,-0.03,-0.02,-0.01,-0.01,-0.01,-0.01,-0.02,-0.01,0,0,0,-0.01,-0.02,-0.01,0,-0.01,0.01,0.01,0.01,0,0,0,-0.01,0,0,1
CUACCCACCUUUCCCAGAAGU,0.238,0.429,0.095,0.238,-0.03,0,0.01,-0.03,0,-0.01,-0.05,-0.04,-0.05,0,-0.05,-0.01,-0.02,-0.01,-0.03,-0.03,0,-0.01,-0.04,-0.02,0.01,-0.01,0,-0.01,-0.02,-0.02,-0.04,-0.05,-0.04,-0.01,-0.01,-0.03,-0.01,-0.03,-0.01,0,-0.02,-0.01,0.01,-0.01,0,0,0,0,-0.01,0,0,-0.02,-0.02,0,0,-0.02,0,0,1
GGACAAUAUAUUAAAUGGAUU,0.429,0.048,0.19,0.333,0,0.03,0.01,0.03,0.02,-0.01,-0.03,0,0.03,0.02,-0.05,-0.03,-0.04,-0.02,0,-0.02,-0.02,0,-0.01,0,-0.01,0,0,-0.01,-0.01,0,0,0.02,-0.01,-0.03,-0.01,-0.03,-0.01,0,-0.03,0,-0.01,0.01,0,0,0,0.01,-0.01,0,0.01,0.02,0,0,-0.01,-0.01,-0.01,0,-0.01,0.01,1
GAGGACAAUAUAUUAAAUGGA,0.476,0.048,0.238,0.238,-0.03,-0.02,0,-0.03,-0.04,-0.03,0,0.02,0.03,0.02,0.01,0.01,-0.06,-0.03,-0.04,0,-0.01,0,0.01,-0.02,-0.01,-0.01,-0.03,-0.03,-0.03,-0.01,0.02,0.02,-0.01,0.01,0,-0.03,-0.03,-0.02,-0.01,-0.01,0,-0.01,0,0,-0.01,-0.03,0,-0.01,0.02,0.02,-0.02,0.02,0.01,-0.03,-0.01,0,0,0,1
GUGUAGUAUCUGUUCUUAUCA,0.19,0.143,0.19,0.476,-0.01,0.01,-0.02,0.02,0.02,-0.01,0.01,0.02,0.03,-0.06,-0.06,-0.02,-0.04,0.01,0,0,0.03,0.02,-0.01,0,-0.01,-0.01,0.01,-0.01,-0.01,0.03,0.02,-0.05,-0.05,-0.02,-0.02,-0.01,-0.01,-0.01,-0.02,0.01,-0.01,0.01,0,-0.01,0.01,-0.01,0,0.03,0.02,-0.02,-0.01,0.01,-0.01,0,-0.01,0.01,-0.01,0.01,1
AAGUGUAGUAUCUGUUCUUAU,0.238,0.095,0.19,0.476,-0.01,0.03,0,-0.01,0.01,-0.04,-0.03,-0.03,-0.04,-0.1,-0.07,-0.05,-0.03,-0.02,-0.02,-0.01,0.02,-0.01,0,0.01,-0.01,-0.01,-0.01,-0.01,-0.01,-0.02,-0.03,-0.05,-0.06,-0.05,-0.02,-0.02,-0.01,-0.01,0.01,-0.01,-0.01,0.01,0,-0.01,0,0,0,0,-0.03,-0.01,-0.03,-0.02,0,0,0,-0.01,0.01,0,1
UCAAGUGUAGUAUCUGUUCUU,0.19,0.143,0.19,0.476,-0.01,-0.01,0.02,0.01,0,-0.01,-0.03,-0.03,-0.04,-0.1,-0.02,0,-0.01,0.03,-0.02,0,0.01,0.02,-0.03,-0.01,-0.01,-0.01,0,-0.01,-0.01,-0.02,-0.03,-0.05,-0.02,0,-0.01,-0.01,-0.01,-0.01,-0.01,0,-0.02,0,0,0,0,0,0,0,-0.03,-0.01,-0.02,0.01,-0.01,-0.01,-0.01,0,-0.01,-0.01,1
AGAUCAAGUGUAGUAUCUGUU,0.286,0.095,0.238,0.381,-0.04,-0.01,-0.03,-0.03,-0.02,-0.02,-0.01,0.01,0.06,-0.06,-0.06,-0.02,0.02,0,-0.01,-0.02,-0.03,-0.01,0.01,-0.01,-0.01,-0.02,-0.01,-0.01,-0.01,-0.01,0.01,-0.01,-0.05,-0.02,0,-0.01,-0.01,-0.01,-0.01,-0.03,0.01,0,0,-0.01,0,0,-0.01,-0.01,0.02,0,-0.01,0.01,-0.01,0,0,0,0,-0.01,1
CUUCUCGGCCUUUUGGCUAAG,0.095,0.286,0.238,0.381,-0.01,-0.01,-0.01,-0.01,0,-0.02,0.01,-0.02,-0.02,-0.1,0.01,0.01,-0.02,-0.01,-0.01,0,-0.01,-0.03,-0.04,-0.01,-0.01,-0.01,-0.01,-0.01,-0.01,-0.01,-0.02,-0.02,-0.01,0.01,-0.01,-0.03,-0.02,-0.01,-0.01,-0.01,-0.02,0,0,0,-0.01,-0.01,-0.01,0,-0.02,0,0,-0.01,-0.01,0,0,0,0,0,1
AGUAAUCGCUUCUCGGCCUUU,0.143,0.286,0.19,0.381,0.03,-0.01,-0.02,-0.02,-0.01,-0.02,0.01,-0.01,0.05,-0.06,-0.06,-0.02,0.01,-0.02,0.01,-0.01,-0.02,-0.01,-0.01,-0.02,-0.02,-0.01,-0.01,-0.01,-0.01,0,-0.01,0.01,-0.05,-0.02,-0.02,-0.01,-0.01,0,-0.01,-0.01,-0.01,-0.01,0,0,-0.01,-0.01,0,0,-0.01,0.01,-0.01,0,0,-0.01,0,0.01,0,0,1
GAGUAAUCGCUUCUCGGCCUU,0.143,0.286,0.238,0.333,-0.05,-0.05,-0.01,-0.03,-0.05,-0.02,-0.03,0.02,0.03,0.07,0.03,0,-0.01,-0.02,-0.04,-0.02,0.01,0,0,-0.03,-0.02,-0.01,-0.02,-0.02,-0.02,-0.01,0.02,0.03,0.03,0,-0.01,-0.01,-0.01,-0.02,-0.01,0.01,-0.01,-0.01,0,0.01,0,0,0,-0.01,0,0.02,0.01,0.01,0,0,-0.01,-0.01,0,0.01,1
GAUGUAUUGUUUGCACUCUUC,0.143,0.19,0.19,0.476,0.02,-0.01,0.01,-0.03,-0.01,0,-0.01,-0.01,-0.01,0,-0.03,0,-0.01,0,0,0,0.01,0.02,0,0,-0.01,-0.01,-0.01,0,-0.01,-0.01,-0.01,0,-0.01,0,-0.01,-0.01,-0.01,-0.01,-0.01,0,0.01,-0.01,-0.01,0,0,0.01,0,0,0,0.01,0,0,0,0,0,0,0,0,1
AUGAUUCUAUUAUAGUAUUCU,0.286,0.095,0.095,0.524,-0.03,0,0.01,-0.02,-0.02,-0.02,-0.01,-0.01,0.06,0.02,0.02,0,-0.01,0,0.03,-0.04,-0.02,-0.01,0.01,-0.01,0,-0.01,-0.01,-0.02,-0.01,-0.01,-0.01,0.01,0.01,0,0,-0.01,-0.01,0,-0.02,-0.02,-0.01,-0.01,0.01,0,0,-0.01,-0.01,-0.01,0,0,0.01,0,-0.01,0,0,-0.01,0,0,1
UGUUUUUGUAUUGUUGCUCCU,0.048,0.143,0.19,0.619,-0.01,-0.01,-0.03,0.01,0.02,-0.01,-0.02,-0.02,-0.06,0.05,0.01,0.01,-0.03,-0.03,-0.01,0.02,-0.01,-0.01,0,-0.01,-0.01,-0.01,-0.01,-0.01,-0.01,-0.02,-0.02,-0.06,-0.01,0.01,-0.01,-0.02,0,-0.01,-0.01,-0.01,-0.01,-0.01,0,0,0,0.01,0,-0.02,-0.02,0,0,-0.01,-0.02,-0.01,0,-0.01,0,-0.01,1
UUCUUUUUUUUGGCCUUUCUC,0,0.238,0.095,0.667,-0.03,-0.05,0,-0.02,0.01,0.02,0,-0.01,0.06,0.02,0.01,0,-0.01,-0.01,0.02,-0.01,0.02,-0.03,-0.01,-0.01,0,-0.01,-0.01,0,0,0,-0.01,0.01,-0.01,0,0,-0.01,-0.01,-0.01,-0.01,-0.01,-0.01,0,0,-0.01,0,-0.01,0,0,0,0,-0.02,0,0,-0.01,0,0,0,-0.01,1
GCUAAACAGGUACUGCUGGGC,0.238,0.238,0.333,0.19,-0.03,0,0,0,0.01,-0.03,-0.03,-0.03,-0.06,-0.06,-0.06,-0.02,0.01,-0.01,-0.01,0.03,-0.02,0,-0.01,-0.02,-0.01,-0.01,-0.01,-0.02,-0.02,-0.03,-0.03,-0.01,-0.05,-0.02,-0.02,-0.01,-0.01,0,-0.01,-0.01,0,0,0,0,-0.01,-0.02,0,-0.03,-0.02,0,-0.01,0,0,0,0,0,0,0,1
CCAUUAUCGCUUCUCGGCCUU,0.095,0.381,0.143,0.381,0.03,-0.01,0.01,-0.01,0,-0.02,0,0.02,0.03,-0.06,-0.06,-0.02,-0.03,-0.03,-0.04,0,-0.01,-0.03,-0.03,0,-0.01,-0.01,-0.01,-0.01,-0.01,-0.01,0.02,-0.05,-0.05,-0.02,-0.01,-0.02,-0.03,-0.02,-0.01,-0.01,-0.04,0,-0.01,0,0,-0.01,0,-0.01,0.02,-0.02,-0.01,0.01,0,-0.01,-0.01,0,0,-0.01,1
CAUUAUCGCUUCUCGGCCUUU,0.095,0.333,0.143,0.429,-0.02,0,-0.02,-0.02,-0.01,-0.01,-0.01,-0.01,0.03,-0.06,-0.06,-0.02,0,-0.02,-0.02,-0.02,-0.01,-0.01,-0.03,-0.01,-0.01,-0.01,-0.01,-0.01,0,-0.01,-0.01,-0.05,-0.05,-0.02,-0.01,-0.01,-0.01,-0.02,-0.02,-0.02,-0.02,0,0,0,0,0,0,-0.01,0,-0.02,-0.01,-0.01,0,0,0,-0.02,0,-0.02,1
UGUAAUAUUUUAUCCCUGGAC,0.238,0.19,0.143,0.429,-0.01,-0.03,0.01,-0.02,-0.01,-0.01,-0.01,0.02,0.03,-0.06,-0.06,-0.02,-0.04,-0.02,0,0.03,-0.01,-0.01,-0.01,-0.01,-0.01,-0.01,-0.02,-0.01,-0.01,-0.02,0.02,-0.05,-0.05,-0.02,-0.02,-0.03,-0.01,-0.01,-0.02,-0.02,-0.01,-0.01,-0.01,0,-0.01,-0.01,0,-0.02,0.02,-0.02,-0.01,0.01,-0.01,-0.01,-0.01,-0.01,0.01,-0.01,1
UAGUAUCUGUUCUUAUCAGUU,0.19,0.143,0.143,0.524,-0.01,0.02,-0.04,-0.01,0.02,-0.04,0.01,-0.02,-0.02,-0.1,-0.07,-0.03,-0.06,-0.03,-0.04,-0.03,0,-0.01,-0.03,-0.01,-0.01,-0.02,-0.01,0,-0.01,-0.01,-0.02,-0.02,-0.06,-0.03,-0.03,-0.03,-0.03,-0.02,-0.01,-0.01,-0.01,0,0,-0.01,0,-0.01,-0.01,0,-0.02,0,-0.03,0,-0.01,-0.03,-0.01,0,-0.01,-0.01,1
GUAGUAUCUGUUCUUAUCAGU,0.19,0.143,0.19,0.476,-0.05,-0.05,-0.02,-0.02,-0.02,0.01,0,0.01,0.06,0.02,-0.03,-0.03,-0.01,0.01,0.03,-0.01,0.02,-0.03,-0.03,-0.03,-0.01,-0.01,-0.02,0,0,0,0.01,0,-0.02,-0.03,-0.01,-0.01,0,0.01,-0.01,-0.01,-0.04,-0.01,-0.01,0,-0.01,0.01,0,0,0,0,0,0,0,0,0,0,0,-0.03,1
GUGUAGUAUCUGUUCUUAUCA,0.19,0.143,0.19,0.476,-0.03,0,0.02,0,-0.01,-0.01,-0.03,-0.01,-0.01,0,0.03,0.01,0.01,-0.03,-0.01,-0.01,-0.02,-0.01,-0.02,-0.02,-0.01,0,-0.01,-0.01,-0.01,-0.01,-0.01,-0.01,0,0.01,-0.01,-0.01,-0.02,-0.03,-0.01,-0.02,-0.01,-0.01,0,0.01,0,0,-0.01,0,0,0,0.01,-0.01,-0.01,0,0,0,0,0,1
AAGUGUAGUAUCUGUUCUUAU,0.238,0.095,0.19,0.476,-0.04,-0.01,0.01,-0.04,-0.02,0.04,-0.02,-0.02,-0.06,0.02,0.01,0,0.01,0.02,-0.01,-0.03,-0.03,0.02,0,-0.02,-0.01,-0.01,-0.02,0,0,-0.02,-0.02,-0.01,-0.01,0,0.02,-0.01,-0.01,-0.02,-0.01,-0.01,-0.02,-0.01,0,0,-0.01,0,0,-0.02,-0.02,0.01,-0.02,-0.01,0.01,-0.01,0,0,0,-0.01,1
UCAAGUGUAGUAUCUGUUCUU,0.19,0.143,0.19,0.476,-0.01,0.01,-0.02,-0.01,-0.02,-0.03,-0.03,-0.01,0.06,0.05,0.01,0.01,-0.02,0,-0.02,-0.01,-0.03,-0.03,-0.01,-0.01,-0.01,-0.01,-0.01,-0.02,-0.01,-0.01,-0.01,0.06,-0.01,0.01,-0.01,-0.01,-0.03,-0.01,-0.02,-0.01,-0.02,-0.01,0,0,-0.01,-0.01,0,-0.01,0,0.02,0,-0.01,-0.01,0,-0.01,0.01,-0.01,0,1
AGAUCAAGUGUAGUAUCUGUU,0.286,0.095,0.238,0.381,-0.02,0,-0.03,-0.04,-0.02,0,-0.01,-0.03,-0.06,0.05,-0.07,0.02,-0.01,-0.02,-0.02,-0.04,-0.02,-0.01,0,0.01,-0.01,-0.03,-0.02,-0.01,-0.01,-0.01,-0.03,-0.06,0,0.02,-0.01,-0.01,-0.01,-0.02,-0.02,-0.02,-0.01,0.01,0,-0.02,-0.01,0,0,-0.01,-0.02,0,-0.01,-0.01,0,0,0,-0.01,0,0,1
GUAUUGAGUGUCUACUGUGUG,0.143,0.095,0.333,0.429,-0.03,0.01,0,-0.02,-0.02,0,-0.01,0.01,-0.05,0,0.02,0,-0.02,0.01,0.03,0.02,-0.01,0,0,-0.01,-0.01,0,-0.02,-0.01,-0.01,0,0.01,-0.05,0,0,-0.01,0.01,0,0,-0.01,-0.01,-0.01,0,-0.01,0,-0.01,-0.01,0,0,0,0,-0.01,0,0,0.02,0,0,0,0,1
UUUUCAUCACUAUGGCUUAGC,0.19,0.238,0.143,0.429,0,0,-0.04,-0.01,-0.02,-0.02,0,-0.01,0,0.03,0.01,0.01,-0.02,-0.02,-0.03,0.01,-0.02,-0.03,-0.03,0,-0.01,-0.02,-0.01,-0.02,-0.01,-0.01,-0.01,0.01,-0.01,0.01,-0.01,-0.03,-0.02,-0.01,-0.01,-0.02,-0.01,0.01,0,-0.01,0,-0.01,-0.01,0,0,0,0,0.02,0,-0.02,-0.01,0,-0.01,-0.01,1
GCAUCAAAACUUCACUUUUUG,0.286,0.238,0.095,0.381,-0.02,0,0,-0.02,-0.01,-0.04,0.02,0,-0.05,0,-0.05,-0.03,-0.03,-0.02,-0.01,0.02,-0.01,0.01,-0.04,0,-0.02,-0.01,0,-0.02,-0.01,0.01,0,-0.05,-0.04,-0.03,-0.02,-0.02,-0.02,-0.01,-0.01,0,-0.01,0,-0.01,-0.01,0.01,0,0,0,0,0,0,0,-0.01,0,-0.01,-0.01,0,0,1
AUUGGUGGUAUAGUGGUGAGC,0.19,0.048,0.429,0.333,-0.03,-0.01,-0.01,-0.02,0,-0.03,-0.01,-0.02,-0.03,-0.1,-0.07,-0.03,-0.02,-0.02,-0.03,0,0.01,-0.01,-0.03,-0.01,-0.01,-0.02,-0.01,-0.01,-0.03,-0.02,-0.02,-0.01,-0.06,-0.03,0,-0.03,-0.02,-0.02,0,0.01,-0.01,0,0,0,-0.01,-0.01,0,0,-0.01,0,-0.03,0,0.01,-0.02,-0.01,0,0,0,1
GAUAAAAGGCUAAUAUCCAGA,0.476,0.143,0.19,0.19,0,0,0.01,-0.01,0,0,0.04,-0.03,-0.04,-0.1,0.01,-0.01,-0.04,-0.02,0.02,-0.01,-0.01,-0.02,-0.03,0,0,-0.01,-0.01,0,0,-0.01,-0.03,-0.05,-0.01,-0.01,-0.01,-0.03,-0.01,-0.02,-0.01,-0.01,-0.01,0.01,-0.01,0,0,0,0,0,-0.03,-0.01,0,0,-0.01,-0.01,0,0,0,0,1
GGUCCCUGGUUCGAUCCCGGG,0.048,0.333,0.381,0.238,0,0.01,0.01,0.03,-0.04,-0.03,-0.03,-0.01,-0.05,-0.02,0.01,0,-0.03,0,-0.01,-0.02,0.02,-0.03,0,-0.01,-0.01,0.01,-0.02,-0.01,-0.01,-0.01,-0.01,-0.01,-0.01,0,-0.01,-0.01,0,-0.03,0,0,-0.01,0,0,0,-0.01,-0.01,0,0,0,0,0,-0.01,0,-0.01,0.01,-0.01,-0.01,0,1
AGACUGAAGAUCUAAAGGUCC,0.381,0.19,0.238,0.19,0,0.01,0,0.07,-0.01,0,-0.01,0,-0.03,-0.02,-0.05,0,-0.01,-0.02,-0.02,-0.01,0.01,0.01,-0.02,-0.01,0,0.01,0,0,-0.02,0,0,-0.01,-0.01,0,-0.01,-0.02,-0.01,-0.02,0,0,-0.01,-0.01,0,0.01,0,0,0,0,0.01,0,0,0,0,0,0,-0.01,-0.01,0.01,1
GGGAGAGCGUUAGACUGAAGA,0.333,0.095,0.429,0.143,-0.02,0.01,-0.01,-0.02,-0.01,-0.02,-0.02,0,0.03,0.07,0.06,0,0,0.01,-0.03,-0.04,-0.01,0,-0.01,-0.01,-0.01,-0.01,-0.01,-0.01,-0.01,-0.03,0,0.03,0.02,0,-0.01,0,-0.01,-0.02,-0.02,0,0,0,0,0,-0.01,0,0,-0.03,0.01,0.02,0,0,0,0,0,0,-0.01,0,1
UGGGAGAGCGUUAGACUGAAG,0.286,0.095,0.429,0.19,-0.03,0.01,0,0,-0.01,-0.04,0.02,-0.02,-0.05,-0.02,0.01,0,0,0.02,-0.01,-0.03,-0.02,-0.02,0.01,-0.01,-0.01,-0.01,-0.01,-0.02,-0.01,-0.01,-0.02,-0.01,0,0,0,0.01,-0.01,-0.01,-0.01,-0.02,-0.02,0,-0.01,-0.01,0,0,0,0,-0.02,0,0.01,0,0,0.01,0,0,0,-0.01,1
AAAUCCUUUCUAAAUUGCAUG,0.333,0.19,0.095,0.381,0,-0.01,0.01,-0.04,0.01,0.04,-0.02,-0.02,-0.06,0.05,-0.07,-0.03,-0.06,-0.02,-0.02,-0.01,-0.01,0,0,-0.01,-0.01,-0.01,-0.02,0.01,0,-0.02,-0.02,-0.06,0,-0.03,-0.03,-0.01,0,-0.01,0,0,0,0,0,0,0,0,0,-0.02,-0.02,0,-0.01,0,-0.01,-0.01,0,0,0,0,1
CAUAAAAAGUUUUUUCUUCAG,0.333,0.143,0.095,0.429,0,-0.02,-0.03,-0.02,0.03,0.01,0.01,-0.01,-0.01,-0.02,0.04,-0.01,-0.02,-0.01,0.01,-0.01,-0.01,0,0.02,-0.01,-0.01,-0.01,-0.01,0.01,0,-0.01,-0.01,-0.02,-0.02,-0.01,-0.02,-0.01,-0.01,-0.01,-0.01,-0.01,-0.01,0,0,0,0,0,-0.01,0,-0.01,-0.01,0,0,0,0,0,0,0,0,1
AGAGUAUGGAUUCCGAUAUGA,0.333,0.095,0.286,0.286,-0.02,0.01,-0.03,-0.03,0,0,0.02,-0.02,-0.05,-0.1,-0.07,-0.01,-0.01,-0.01,-0.03,-0.03,0,0.01,0.03,0,-0.02,-0.04,-0.01,-0.01,0,-0.01,-0.02,-0.02,-0.06,-0.01,0,-0.01,-0.01,-0.03,-0.02,0,0,-0.01,-0.02,-0.02,0,0,0,0,-0.02,0,-0.03,-0.01,-0.01,-0.01,0,-0.02,-0.01,0,1
AAGACAUGAAUAAGAACUGAU,0.524,0.095,0.19,0.19,0.01,0.01,0,-0.03,-0.02,0.02,-0.01,0.01,0,0.03,-0.02,0,0.01,-0.01,0,-0.01,-0.01,0,-0.01,-0.01,0,-0.01,-0.01,-0.01,0.01,0.01,0.01,-0.02,-0.01,0,0,-0.01,-0.01,-0.01,-0.01,0,0,-0.01,0.01,0,0,-0.01,0,0,-0.01,0.01,0.01,0,0,0,-0.01,0,-0.01,0,1
GACUUUCAAUUAUCUGUGUGA,0.238,0.143,0.19,0.429,-0.02,-0.05,-0.01,-0.02,-0.01,-0.01,-0.05,-0.04,-0.05,0,-0.05,-0.03,-0.03,-0.03,-0.02,-0.04,-0.01,0,0.02,-0.02,-0.02,-0.01,-0.02,0,-0.01,-0.02,-0.04,-0.05,-0.04,-0.03,-0.02,-0.02,-0.01,-0.02,0,0,0,-0.02,-0.02,0.01,-0.01,0,0,0,-0.01,0,0,0,-0.01,-0.01,0,-0.01,0,-0.01,1
GCCUUUUCUUUGUUUGUAACU,0.095,0.19,0.143,0.571,0.02,-0.01,-0.02,-0.04,-0.01,0,0,0.02,-0.06,0.05,0.04,-0.01,0.04,0,0.02,-0.02,0,0.01,0.01,-0.01,-0.01,-0.01,0,-0.01,0,0.01,0.02,-0.06,0.04,-0.01,0.01,0,-0.01,0.01,-0.01,0,-0.01,0,0,0,0,0,0,0.01,0,0,0,0,-0.01,-0.01,0.01,0,0,0.01,1
AGCCAUCAGGUAAGCCAAGAU,0.381,0.238,0.238,0.143,-0.01,-0.02,-0.01,0,0,-0.03,-0.05,-0.03,0,0.03,-0.05,-0.01,0,-0.02,0.03,0.03,-0.01,-0.01,-0.01,-0.01,-0.01,-0.01,-0.01,-0.01,-0.02,-0.02,-0.03,0,0.01,-0.01,0,-0.01,-0.01,0.03,-0.02,-0.02,-0.01,-0.01,0,-0.01,0,0,0,0,-0.02,0.01,-0.01,0,0,0,-0.01,0,0.01,-0.01,1
CUUCUCGGCCUUUUGGCUAAG,0.095,0.286,0.238,0.381,-0.01,0.02,0.04,0.03,0.02,0,-0.01,0.03,0.06,0.03,0.04,0.02,0.05,0.05,0.03,-0.01,-0.02,-0.01,0.01,-0.01,0.01,0.02,0.02,0,-0.01,0,0.03,0.02,0.03,0.02,0.02,0.04,0.05,-0.01,-0.01,-0.01,0,0,0,0,-0.01,-0.01,0,0,0.01,0.01,0.01,-0.01,0.01,0,0,0,0,0,1
AUCCAUCGCUUCUCGGCCUUU,0.095,0.381,0.143,0.381,-0.02,0,0.02,-0.02,-0.02,0,-0.02,0,0.03,0.02,0.01,0.01,0.01,0.02,-0.03,-0.03,0,-0.01,0.01,-0.01,-0.01,-0.01,-0.02,-0.01,-0.01,-0.03,0,0.02,-0.01,0.01,0.02,0,-0.01,-0.03,-0.02,0,0,0,-0.01,0,-0.01,0,0,-0.03,0.01,0.02,-0.02,0.02,0,0,0,-0.02,-0.01,0,1
GGGCCCAGGGUGCUGUGGAGA,0.143,0.19,0.524,0.143,0.02,0.01,0.03,-0.02,0.03,-0.03,0,0,-0.01,-0.02,-0.07,-0.01,-0.01,0,-0.02,-0.01,-0.03,-0.03,-0.01,0,-0.01,0,-0.01,0,-0.01,0,0,-0.02,-0.01,-0.01,-0.01,-0.01,-0.03,-0.01,-0.02,-0.01,-0.01,0,-0.01,0,-0.01,0.01,-0.01,0,-0.01,-0.01,-0.01,-0.01,-0.01,0,-0.01,0.01,-0.01,0,1
AUUGUCCUCCUUCUGAAGCCC,0.143,0.381,0.143,0.333,-0.03,-0.01,-0.03,0,-0.01,-0.02,0,-0.02,-0.05,-0.02,0.02,0.01,-0.03,-0.02,-0.01,0,-0.02,-0.02,-0.04,-0.01,-0.01,0,-0.01,-0.02,0,-0.02,-0.02,-0.01,-0.01,0.01,-0.01,-0.01,-0.01,-0.01,-0.01,-0.02,-0.02,0,0,0.01,-0.01,-0.01,0,0,0,0,0,-0.01,0,0,0,0,0,-0.01,1
CCUCCUUUUCUGAGGAAGGUG,0.143,0.238,0.286,0.333,0.01,-0.01,0,-0.03,-0.04,-0.03,0,-0.01,-0.04,-0.1,-0.02,0.01,0.01,0.02,-0.01,-0.02,-0.01,-0.01,-0.04,-0.01,-0.01,-0.01,-0.03,-0.03,-0.03,-0.01,-0.01,-0.05,-0.02,0.01,0,-0.01,-0.01,-0.01,-0.01,-0.01,-0.02,-0.01,0,0,-0.01,-0.03,0,0,-0.02,-0.01,-0.02,0,0.01,0,0,0,0,0.01,1
AUUGGAACGAUACAGAGAAGA,0.476,0.095,0.286,0.143,-0.01,-0.01,-0.01,0.03,-0.01,0,0,0.02,0.03,0.05,0.04,-0.01,-0.01,0,-0.03,0,0.01,0.01,-0.01,-0.01,-0.01,-0.01,-0.01,-0.01,0,0,0.02,0.03,0.04,-0.01,0,-0.01,-0.01,-0.02,0,0,0,0.01,0,0,0,0,0,0,0,0.01,0,0,0,-0.01,-0.01,0,0,0,1
AGACUAUACUUUCAGGGAUCA,0.333,0.19,0.19,0.286,-0.02,-0.05,-0.03,-0.04,0.01,0,-0.01,-0.01,0.03,0.03,-0.07,-0.01,0,-0.01,-0.01,-0.03,-0.01,-0.01,-0.04,-0.02,-0.02,-0.01,-0.02,0,-0.01,-0.01,-0.01,0.04,0,-0.01,-0.01,-0.01,-0.01,-0.01,-0.01,-0.01,-0.02,-0.02,-0.01,0,0,0,0,0,-0.01,0.01,0,-0.01,0,-0.01,0,-0.01,0,-0.01,1
GCGCCCCAAUUAUUAUGACUG,0.238,0.286,0.19,0.286,-0.01,0,-0.03,-0.03,-0.02,0.01,0,-0.04,-0.05,-0.02,-0.07,-0.05,-0.02,-0.01,0.02,-0.03,-0.03,-0.01,-0.01,-0.01,0,-0.04,-0.01,0,0,-0.01,-0.04,-0.01,-0.01,-0.05,-0.01,-0.01,0,-0.01,-0.02,-0.01,-0.01,-0.02,-0.02,-0.02,-0.01,0.01,0.01,0,-0.01,0,-0.01,-0.02,0,-0.01,0,0,-0.01,0,1
UAAGUUAUUUUGCUCUCACUG,0.19,0.19,0.143,0.476,-0.05,-0.05,-0.03,-0.01,0.02,0,-0.01,-0.02,-0.06,0.05,-0.07,-0.01,-0.01,-0.02,0,0.04,0.01,0.02,0.02,-0.03,-0.02,-0.03,0,0,-0.02,-0.01,-0.02,-0.06,0,-0.01,0,0,-0.01,-0.01,0.01,0,-0.01,-0.01,0,0,0.01,-0.01,0,-0.01,-0.02,0,-0.01,-0.01,-0.01,-0.01,-0.01,-0.01,0,0.02,1
GCAAUUUGGUUCCACCACAUC,0.238,0.333,0.143,0.286,0.02,0.01,-0.03,-0.02,-0.01,-0.02,-0.03,-0.02,0,0.03,0.04,0.03,0,-0.01,-0.01,-0.01,-0.01,-0.02,-0.03,0,0,-0.02,-0.02,-0.02,-0.02,-0.02,-0.02,-0.01,0.03,0.03,0.01,0,-0.01,0,-0.01,-0.01,-0.01,0,0,0,-0.01,-0.02,-0.01,0,-0.01,0,0.01,-0.01,0,0,-0.01,0.01,0,0,1
ACUCAAUACUUACCUGGCAGG,0.286,0.286,0.19,0.238,0.01,-0.05,-0.01,-0.03,-0.05,0.03,0,0.03,0.06,0.01,0.01,0,0.05,-0.02,0.03,-0.02,-0.02,-0.02,-0.04,-0.01,-0.02,-0.01,-0.02,-0.01,-0.01,0,0.03,0.02,0.01,0,-0.01,0,-0.01,-0.01,-0.03,-0.01,-0.02,-0.01,0,0.01,0,-0.01,0,0,0.01,0,0,-0.01,0,0,0,0,-0.01,-0.01,1
CACUCAAUACUUACCUGGCAG,0.286,0.333,0.143,0.238,-0.05,0.01,0,0.02,0.01,0.02,0.02,0.01,0.06,0.03,0.04,-0.01,-0.02,-0.03,0,-0.01,-0.03,-0.01,0.02,-0.01,-0.01,-0.01,0.01,0,0.01,0,0.01,0.02,0.03,-0.01,-0.02,-0.02,-0.03,0,-0.02,-0.03,0,0,0,-0.01,0,0,0,0,0,0.01,0.01,0,0,0,0,0.02,0,-0.01,1
CUGGCUGCUGUAGGUCUUUUC,0.048,0.238,0.286,0.429,0,0,-0.03,-0.03,-0.02,0,0.04,0,0.03,-0.06,0,-0.01,-0.01,0,-0.01,-0.03,-0.03,-0.04,0,-0.01,-0.01,-0.02,-0.01,0,0,0.02,0,-0.05,-0.01,-0.01,-0.01,-0.02,0,-0.01,-0.02,-0.02,-0.01,0,0,-0.01,0,0,0,0.02,0.01,-0.02,-0.01,0,-0.01,-0.01,0.01,0,-0.01,-0.01,1
AUUGUUGAUAUUUGCCCAGCA,0.238,0.19,0.19,0.381,-0.02,0,-0.02,-0.02,-0.01,-0.03,-0.01,-0.02,-0.03,-0.02,-0.03,-0.01,0,0.04,-0.01,-0.03,0.02,0.02,-0.01,0,-0.01,-0.01,-0.01,-0.01,-0.03,-0.02,-0.02,-0.01,-0.01,-0.01,-0.01,-0.01,-0.01,-0.02,-0.01,0,-0.01,0,0,0,0,-0.01,0,0,-0.01,-0.01,0,0,0,-0.01,0,0,0,0.01,1
GGGCCUCAGUUAGCUCUCAAG,0.19,0.286,0.286,0.238,-0.02,-0.05,-0.01,-0.02,0.01,-0.03,-0.01,-0.03,-0.06,0.05,-0.02,-0.03,-0.01,-0.01,-0.01,-0.01,-0.03,-0.01,-0.03,-0.02,-0.02,-0.01,-0.01,-0.01,-0.03,-0.01,-0.03,-0.06,0.02,-0.03,-0.02,0,-0.02,-0.01,-0.02,0,-0.01,-0.02,-0.02,0.01,0,-0.01,0,-0.01,-0.02,0,0.02,0.01,-0.01,0,0,-0.01,-0.01,0,1
UCCCAUGGUGUAAUGGUUAGC,0.19,0.19,0.286,0.333,0,-0.02,-0.04,-0.02,-0.01,-0.02,-0.03,-0.01,0.06,0.02,0.05,0.01,0.03,0,-0.02,-0.01,-0.03,-0.01,-0.03,0,-0.02,-0.01,-0.01,-0.02,-0.02,-0.01,-0.01,0.01,0.03,0.01,0,0.01,-0.01,-0.01,-0.02,-0.02,0,0,0,0,-0.01,-0.02,-0.01,-0.01,0,0,0.01,0,0.01,0.01,0,0,0,-0.01,1
GUUAGCACUCUGGACUUUGAA,0.238,0.19,0.238,0.333,-0.03,0.01,-0.03,-0.03,-0.02,0.04,-0.03,-0.01,0.06,0.05,-0.07,-0.05,-0.03,-0.02,-0.01,-0.01,0.01,-0.01,0,0,-0.02,-0.04,-0.01,-0.01,0,-0.01,-0.01,0.06,0,-0.05,-0.02,-0.02,0,-0.01,-0.01,-0.01,-0.01,-0.01,-0.02,-0.02,-0.01,-0.02,0,-0.01,0,0.02,-0.01,-0.02,0,0,-0.01,0,0,0,1
GGACUUUGAAUCCAGCGAUCC,0.238,0.286,0.238,0.238,0,0,0,0.02,0.01,-0.01,-0.01,-0.01,-0.02,-0.1,-0.07,-0.05,0.01,0.04,0.02,-0.01,-0.02,0,0,-0.01,-0.01,-0.01,0,-0.02,-0.01,-0.02,-0.01,-0.02,-0.06,-0.05,-0.01,0.01,0.01,0,-0.02,-0.01,-0.01,0,-0.01,-0.01,-0.01,0,-0.01,0,-0.01,0,-0.03,-0.02,0,0,0,-0.01,0,0,1
GCGAUCCGAGUUCAAAUCUCG,0.238,0.286,0.238,0.238,-0.01,-0.01,0,-0.02,0,0,0.02,0,0.03,-0.06,-0.03,-0.03,-0.06,-0.03,-0.04,-0.03,-0.02,0.02,0.04,-0.01,0,-0.01,-0.01,0,-0.01,0.01,0,-0.05,-0.01,-0.03,-0.01,-0.03,-0.03,-0.02,-0.01,-0.01,0.01,-0.01,0,0,0,0,0,0.01,0.01,-0.02,0,-0.01,0,-0.03,-0.01,0,0,0,1
CGAUCCGAGUUCAAAUCUCGG,0.238,0.286,0.238,0.238,-0.04,-0.01,-0.03,-0.01,0.02,0,0.01,-0.02,-0.05,-0.1,-0.07,-0.03,-0.06,0,-0.04,-0.02,-0.02,-0.04,-0.02,-0.01,-0.01,-0.03,0,0,0.01,0,-0.02,-0.02,-0.06,-0.03,-0.03,-0.01,-0.01,-0.02,-0.01,-0.01,-0.01,0,0,0,0.01,-0.01,0,0,-0.02,0,-0.03,0,-0.01,0,-0.01,-0.01,-0.01,0,1
UCAUUUUAUGUAUAUUUAUCA,0.286,0.095,0.048,0.571,-0.03,-0.02,0.04,0.03,0.02,0.01,-0.01,-0.01,-0.03,-0.1,0.04,0.02,0.01,-0.03,-0.03,0.03,-0.02,-0.01,0,-0.02,0.01,0.02,0.02,0,0,-0.01,-0.01,-0.01,-0.01,0.02,0.01,-0.02,-0.02,-0.01,-0.01,-0.02,-0.01,-0.01,0.01,0,-0.01,0,0.01,0,-0.01,0,-0.01,-0.01,0.02,0,0,0,0,0,1
CCUUUCCAGUUACUCCUUAUA,0.19,0.333,0.048,0.429,-0.03,0,0.04,0.01,0.01,-0.01,-0.01,0,0.05,0.05,0.04,0.02,0.02,0,0.02,-0.01,-0.01,-0.01,-0.04,-0.02,0.01,0.01,0,-0.01,-0.01,-0.01,0,0.02,0.04,0.02,0,0,0,-0.01,0,-0.01,-0.02,0,0,0,0.01,0,0,-0.01,0,0.01,0,-0.01,0,0,0,0,0,0.01,1
UAAGUUAUUUUGCUCUCACUG,0.19,0.19,0.143,0.476,0.01,0,0,0.02,0.01,-0.01,0,-0.04,-0.05,0,0.03,-0.01,-0.02,0,0,0,0.01,-0.01,0,0.01,-0.01,0,0,-0.02,0,-0.01,-0.04,0.01,0,-0.01,-0.01,-0.01,-0.01,-0.01,0,-0.01,-0.01,0.01,-0.01,-0.01,-0.01,0,0,0,-0.01,-0.01,0,-0.01,0,-0.01,0,0,0.01,-0.01,1
UCAAGUGUAGUAUCUGUUCUU,0.19,0.143,0.19,0.476,0.01,-0.01,0.01,0.03,0.01,-0.02,0.01,0.02,-0.06,0.05,-0.02,-0.03,-0.02,-0.02,-0.02,-0.02,-0.01,-0.01,-0.03,-0.01,-0.01,0.01,0.01,0,0,0.01,0.02,-0.06,0.02,-0.03,-0.02,-0.01,-0.01,-0.02,-0.02,-0.02,-0.02,0,0,0,0,0,0,0.01,0,0,0.02,0.01,0,0,0,-0.02,0,-0.02,1
GGUAGGUGAGUUUAAAGUCUU,0.238,0.048,0.333,0.381,-0.03,-0.01,0.01,-0.02,0.02,0.02,-0.02,0,0.03,0.05,-0.02,0,0,0.01,-0.01,-0.01,-0.02,-0.02,-0.04,-0.01,-0.02,-0.02,-0.01,0,0,-0.03,0,0.03,0.02,0,0,0,-0.01,-0.01,-0.02,-0.02,-0.01,0,-0.02,-0.01,-0.01,0.01,0,-0.03,0.01,0.01,0.02,0,0,0,0,-0.01,0,0,1
CUCUUACCUGUUAAAAUCAGG,0.286,0.238,0.143,0.333,0.03,-0.01,-0.02,0.01,-0.01,-0.02,-0.01,0.02,0.03,-0.06,-0.03,-0.03,0.01,0,-0.01,0.03,-0.01,0,0.01,-0.02,-0.01,-0.01,-0.01,-0.02,0,-0.02,0.02,-0.05,-0.01,-0.03,-0.01,-0.01,0,0,-0.02,-0.01,0.01,-0.01,0,0,-0.01,-0.01,0,-0.02,0.02,-0.02,0,-0.01,0,0,0,-0.01,0.01,0,1
GCAACAGAGUUCAACUAUCUC,0.333,0.286,0.143,0.238,0.01,-0.01,-0.01,-0.01,-0.02,-0.04,-0.02,-0.01,0,0.03,0.01,0.01,-0.03,-0.03,-0.02,-0.01,-0.03,-0.01,0.01,-0.01,-0.01,0,-0.02,-0.01,-0.01,-0.01,-0.01,-0.02,0.01,0.01,-0.01,-0.02,-0.01,-0.01,-0.01,-0.02,0,0,-0.01,-0.01,-0.01,0,-0.01,0,-0.01,0.01,0,-0.01,-0.02,-0.01,0,0,0,-0.01,1
CAUUUGCUGUUACUCUGGAGA,0.19,0.19,0.238,0.381,0,-0.03,-0.03,-0.04,-0.02,-0.03,-0.05,-0.03,0,0.03,-0.07,-0.03,0.01,-0.01,0,0,-0.02,0,0.02,-0.02,-0.02,-0.03,-0.02,-0.01,-0.02,-0.02,-0.03,-0.01,0,-0.03,0,-0.01,-0.01,-0.01,-0.01,-0.01,-0.01,0,0,-0.02,-0.01,0,0,0,-0.02,0,0,0,0,0,0,0,0,-0.01,1
UCAAGUGUAGUAUCUGUUCUU,0.19,0.143,0.19,0.476,0.01,0.02,-0.01,0.01,0.01,0,-0.01,-0.03,-0.06,0.05,0.01,-0.01,-0.03,-0.02,-0.01,0,0.01,-0.01,-0.01,-0.01,0,-0.01,0,-0.01,-0.01,-0.01,-0.03,-0.06,-0.01,-0.01,-0.01,-0.02,-0.02,-0.01,0.01,-0.01,-0.01,-0.01,0.01,-0.01,0.01,0,0,-0.01,-0.02,0,0,0,-0.01,0,-0.01,0,0.01,0,1
GUAAAAGGGUUACUCUCAUAC,0.333,0.19,0.19,0.286,0.03,-0.05,-0.03,-0.01,-0.02,0.04,-0.03,-0.02,0,0.03,-0.05,-0.01,-0.03,-0.01,-0.04,-0.01,-0.02,-0.01,-0.03,-0.01,-0.02,-0.01,-0.02,-0.01,0,-0.02,-0.02,0,0.01,-0.01,-0.02,-0.01,-0.02,-0.02,-0.01,-0.01,-0.01,0,-0.01,-0.01,-0.01,-0.02,0,0,-0.01,0.01,-0.01,-0.02,-0.01,0,0,-0.01,0,-0.01,1
UUUUAUUAUUUGGAUGAAUAU,0,0.286,0.143,0.571,0.02,0,-0.01,-0.02,0,-0.02,0,-0.03,0.03,0.02,-0.03,-0.03,-0.06,-0.01,-0.01,-0.02,0,0.01,-0.02,-0.01,0,-0.02,-0.01,-0.01,0,-0.01,-0.03,0,-0.02,-0.03,-0.02,-0.01,-0.01,-0.03,-0.01,-0.01,-0.01,0,0.01,0,-0.01,0,0,0,-0.01,0,0,0,-0.01,-0.01,0,-0.01,-0.01,0,1
CUUCUCGGCCUUUUGGCUAAG,0.095,0.286,0.238,0.381,0.01,0,-0.03,-0.04,-0.02,-0.02,-0.03,-0.03,-0.06,0.02,0.01,0,-0.03,-0.01,-0.01,0,-0.02,-0.03,-0.01,-0.01,-0.02,-0.03,-0.01,-0.02,-0.02,-0.03,-0.03,-0.01,-0.01,0,-0.01,-0.01,-0.01,-0.01,0,-0.02,-0.02,0,0,-0.01,-0.01,-0.02,-0.01,-0.03,-0.02,0.01,-0.02,-0.01,0,0,0,0,-0.01,-0.01,1
AACUAUCGCUUCUCGGCCUUU,0.143,0.333,0.143,0.381,-0.05,0,-0.03,-0.01,-0.01,-0.02,0,-0.02,-0.01,-0.01,-0.03,-0.03,-0.02,-0.02,0.03,0.02,-0.01,0,-0.03,-0.01,-0.01,-0.01,-0.01,-0.01,-0.02,-0.01,-0.02,-0.01,-0.01,-0.03,-0.01,-0.03,0,0,0,-0.01,-0.02,0,0,0,-0.01,0,0,0,-0.02,-0.01,0,-0.01,0,-0.02,0,-0.01,0,0,1
AAACUAUCGCUUCUCGGCCUU,0.19,0.333,0.143,0.333,-0.02,-0.03,-0.03,-0.04,-0.05,-0.02,-0.03,-0.03,0.03,0.03,0.04,0,-0.01,-0.02,-0.02,0.02,-0.01,-0.04,-0.01,-0.02,-0.02,0,-0.02,-0.02,-0.02,-0.02,-0.03,0.04,0.03,0,-0.01,-0.01,-0.01,-0.01,-0.01,-0.01,-0.02,0,0,0,-0.01,0,0,0,-0.01,0.01,0.01,0.01,0,0,0,0,-0.01,-0.01,1
CCCUGGAGGUUCCAAUCCUGC,0.143,0.381,0.238,0.238,0.02,0,0.03,0.07,0,0.02,0.03,0.02,0.04,0,0.02,0.01,0.02,0,-0.01,-0.01,0.01,-0.01,-0.02,0,-0.01,0.03,0,0,-0.01,0.01,0.02,0.02,0,0.01,0,0,-0.01,0,-0.01,0,-0.01,-0.01,-0.01,0.02,0,0,0,0,0.01,0,-0.01,0,-0.01,0.02,-0.01,0,0,0,1
UUCUCCAUGAUUCGUGCAUCU,0.143,0.286,0.143,0.429,-0.02,-0.05,-0.02,0,-0.01,-0.01,-0.01,-0.01,-0.04,-0.1,0.04,0,0,-0.01,0.03,-0.04,-0.01,0,-0.04,-0.01,-0.01,-0.01,-0.01,-0.01,-0.01,-0.01,-0.01,-0.05,-0.01,0,0,-0.01,-0.01,0,0,0,-0.01,0,-0.01,0,0,0,0,0,-0.01,-0.01,-0.01,0.01,-0.01,0,0,-0.01,0,-0.01,1
CUAAUUAUGCUGGACUGUUUU,0.19,0.143,0.19,0.476,0,-0.03,-0.01,0.03,0.01,-0.03,-0.03,-0.03,-0.06,0.05,0.04,0.03,0,0,-0.02,-0.01,-0.02,0.02,0,-0.01,-0.01,0,0.01,-0.02,-0.02,-0.03,-0.03,-0.06,0.04,0.03,-0.01,0,-0.01,-0.02,-0.01,-0.01,-0.02,0,0.01,0,-0.01,-0.02,0,-0.03,-0.02,0,0,-0.01,0,0.01,0,-0.01,0,-0.01,1
AUUGGAACGAUACAGAGAAGA,0.476,0.095,0.286,0.143,-0.02,-0.03,-0.01,-0.04,-0.02,-0.02,0,-0.04,-0.05,0,-0.05,-0.01,-0.02,-0.01,-0.01,0.03,0.01,-0.01,-0.03,-0.02,-0.01,-0.01,-0.02,-0.02,-0.01,-0.01,-0.04,-0.05,-0.04,-0.01,-0.01,-0.03,-0.02,0.01,0,0,-0.01,0,0.01,0,-0.02,0,0.01,0,-0.01,0,0,-0.02,-0.02,0,0,0,0,0.01,1
AUAUUUCUCAUUUCUUUUAGU,0.19,0.143,0.048,0.619,-0.04,-0.01,0.02,-0.03,0.03,-0.02,0,-0.02,-0.05,0,0.03,-0.01,-0.02,0,0,0,0.03,0.01,-0.03,-0.02,0,0,0,0,0,-0.02,-0.02,-0.01,-0.01,-0.01,-0.01,-0.01,-0.01,-0.01,-0.02,0,-0.01,-0.01,0,0.01,-0.01,0.01,0,0,0,-0.01,0,-0.01,0,0,-0.01,0.01,-0.01,0,1
UAUACUAAAAUUGGAACGAUA,0.476,0.095,0.143,0.286,-0.01,0,-0.03,-0.04,-0.02,-0.03,0.02,0.03,0.05,0.02,0.02,0.01,0.02,0,-0.02,-0.01,0,0.01,-0.03,-0.01,-0.02,-0.03,-0.02,-0.02,-0.01,0.01,0.03,0,0.01,0.01,0,0,-0.03,-0.01,-0.01,0,-0.01,0,0,-0.01,-0.01,-0.01,0,0.01,0.02,0,0.01,0,-0.01,0.02,-0.01,0,-0.01,0.01,1
AUUGGAACGAUACAGAGAAGA,0.476,0.095,0.286,0.143,0,0.03,-0.03,-0.04,-0.01,-0.01,0.01,-0.02,-0.05,0,-0.05,0,-0.01,-0.02,-0.01,-0.02,-0.02,-0.02,0.01,0,0,-0.03,-0.01,-0.01,0,-0.01,-0.02,-0.05,-0.04,0,-0.01,-0.02,-0.01,-0.01,-0.03,-0.01,-0.02,0,0,-0.01,0,0,0.01,0,0,0,0,0,0,0,0,0,-0.01,-0.01,1
ACACGCAAAUUCGUGAAGCGU,0.333,0.238,0.238,0.19,0.03,-0.02,-0.04,-0.03,-0.05,-0.03,-0.01,-0.01,-0.02,-0.02,0.02,0,-0.02,-0.03,0,-0.01,-0.01,0,-0.03,0,-0.02,-0.01,-0.01,-0.02,-0.01,-0.02,-0.01,0,-0.01,0,-0.01,-0.02,-0.03,0,-0.01,-0.01,-0.02,0,0,0,-0.01,0,-0.01,0,-0.01,0,0,0,0,0,0,-0.01,0.01,0,1
AAGUGUAGUAUCUGUUCUUAU,0.238,0.095,0.19,0.476,-0.02,-0.02,0,-0.04,0.02,0,-0.01,-0.01,0.05,0.05,-0.02,-0.03,-0.01,-0.03,-0.03,-0.04,-0.01,0.02,-0.03,-0.01,-0.01,0,0,0,-0.01,-0.01,-0.01,0.02,0.02,-0.03,-0.02,-0.01,-0.02,-0.02,-0.02,0,-0.02,0,0,0,0,-0.01,0,-0.01,-0.01,0.01,0.02,0.01,-0.01,0,0,0,-0.01,-0.01,1
UCAAGUGUAGUAUCUGUUCUU,0.19,0.143,0.19,0.476,-0.03,0.01,0.01,-0.02,0.01,-0.02,0,-0.02,-0.01,-0.02,0.04,0.02,0.01,-0.03,0.01,-0.01,0.01,-0.01,-0.04,0,0,0,-0.01,0.01,-0.02,-0.01,-0.02,-0.01,-0.02,0.02,0.01,-0.02,-0.01,-0.01,0,-0.01,-0.02,-0.01,0.01,0.01,-0.01,0,0,0,-0.02,-0.01,0,-0.01,0.02,0,0,0,0,-0.01,1
UCAAGUGUAGUAUCUGUUCUU,0.19,0.143,0.19,0.476,-0.01,-0.02,-0.01,0.03,-0.04,-0.03,0,0.02,0.03,0.05,0.04,0.02,-0.03,-0.01,-0.04,-0.01,-0.02,-0.01,0,-0.01,-0.01,-0.01,-0.02,-0.03,-0.03,-0.01,0.02,0.03,0.04,0.02,-0.01,-0.01,-0.02,-0.02,-0.01,-0.02,-0.01,0,0,0,-0.01,-0.03,0,-0.01,0.02,0.01,0,-0.01,0,0,0,-0.01,0,0,1
GUGAUAUAACUCAGUGGCAGA,0.333,0.143,0.286,0.238,0.03,0.03,0.01,0.01,0.03,0.01,0.01,0.01,0.06,0.05,-0.02,-0.03,0.01,-0.01,0.01,0.01,0.01,0.01,0.01,0.03,0.01,0.01,0.01,0.01,0.01,0.02,0.01,0.06,0.02,-0.03,0.01,0.01,0.01,0.01,0.02,0.01,0.01,0.01,0,0,0,0,0.01,0.02,0.02,0.02,0.02,0.01,0,0.01,0,0,0,0,0
GGCCUUGGAUUUCAUCCCCAG,0.143,0.333,0.238,0.286,-0.02,0,0.02,0.03,0.04,0,0.03,0.01,-0.04,-0.1,0.01,0.01,0.04,0.04,0.05,0,0.01,0.01,0.01,0,0.01,0.02,0.02,0.02,0.01,0.01,0.01,-0.05,-0.01,0.01,0.03,0.03,0.02,0.02,0.01,0.01,0.01,0,0,0,0,0,0,0,0.01,-0.01,0,-0.01,0,0,0.01,0,0.01,0,0
GGAGAGGGAGUGGGAACAGGA,0.333,0.048,0.571,0.048,0.01,0,0.01,-0.01,-0.01,0.03,0.04,0,0.03,0.05,0.04,0.03,0.04,-0.02,0,-0.02,-0.03,-0.01,0.01,0.01,0.01,0.01,0.01,0.01,0.02,0.02,0,0.03,0.04,0.03,0.02,0.01,-0.01,0,0.01,0,0,0,0,0,0,0,0,0.02,0.01,0.01,0,-0.01,0.01,0,-0.01,0,0,0,0
UUUGCAAGACUCCUAGUACCU,0.238,0.286,0.143,0.333,0.01,0.01,0.02,-0.01,0.02,0.01,0,0.01,0.06,0.01,0.01,0,0.02,0.04,0.03,-0.01,0,0.02,0,0.03,0.01,0.01,0,0,0.01,0.01,0.01,0.02,0.01,0,0.02,0.01,0.02,0.01,0.01,0.01,0.01,0.01,0,0,0.01,0,0,0,0,0,0,-0.01,0,0,0.01,0,0,0,0
UGUGUAGCAAUGGUGUCCAGG,0.19,0.143,0.381,0.286,0.01,0.03,0.02,0.02,0.01,0.02,0.02,0.01,0.06,0.01,0.01,0.01,0.04,0.02,0.05,0,0.01,0.01,-0.01,0.01,0.02,0.02,0,0.02,0.01,0,0.01,0.02,0.01,0.01,0.02,0.02,0.01,0.01,0.01,0,0.01,0,0.01,0.01,-0.01,0.01,0,0,0,0,0,-0.01,0,0,0,0.01,0.01,0.01,0
AGUAACAAGUUCAGGUUCACC,0.333,0.238,0.19,0.238,0.03,0.03,0,0.02,0.02,0.03,0.02,0.03,0,0.03,-0.07,-0.01,-0.01,-0.02,0,-0.01,0.02,0.02,0.01,0.03,0.01,0.01,0.01,0.01,0.01,0.02,0.03,-0.01,0,-0.01,0,0,0.01,0,0.01,0.01,0.01,0.01,0.01,0,0,0,0,0,0.02,0,0,-0.01,-0.01,-0.01,0,-0.01,0,0,0
GCAAAGUCACUCUAUUCUGAU,0.286,0.238,0.143,0.333,-0.02,0,0.01,0.01,0.01,0.01,0,0.02,0.06,0.05,-0.02,0.01,0.03,0,-0.02,-0.01,-0.01,-0.01,0.02,0.01,0.01,0.01,0.01,0.01,0,0.01,0.02,0.06,0.02,0.01,0.02,0.01,-0.01,-0.01,0,-0.01,0.01,0.01,0,0.01,0,0,0.01,0.01,0.03,0.02,0.02,0,0,0.01,0,0,0,0.01,0
CCCAAAGGUUUACUUAAUGUU,0.286,0.19,0.143,0.381,0.01,0,0.01,0.01,0.01,0.02,0.03,-0.01,0,0.02,0.06,0.03,0.02,0,-0.01,0,-0.01,0,0.02,0.01,0.01,0.01,0.01,0.01,0.01,0.01,-0.01,0.01,0.03,0.03,0.01,0.02,0,0.01,-0.01,-0.01,0.01,0.01,0.01,0.01,0,0,0.01,0,-0.01,0,0,0.01,0.01,0.01,0.01,0,0,0,0
UAGGUUCCUGUUGCUUGCCAU,0.095,0.238,0.238,0.429,0,0.01,0,0.07,0.03,0.04,-0.02,-0.02,-0.06,0.02,0.05,0.01,0.03,-0.02,-0.02,-0.01,-0.01,0,0,0.02,0,0.01,0.04,0.03,0,-0.02,-0.02,-0.01,0.03,0.01,0,0.01,0,-0.01,0,0,0,0.01,0.01,0.01,0.01,0.01,0,-0.02,-0.02,0.01,0.01,0,0.01,0.01,0,0,0,0,0
CUAAGAGGUUUGUUGUCCUAU,0.19,0.143,0.238,0.429,0.02,0.02,0.04,0.03,0.02,0,-0.01,0.03,0.06,0.03,-0.02,0.01,0.03,0,0.01,-0.01,0.02,0.02,0.01,0.03,0.01,0.02,0.02,0,-0.01,0,0.03,0.02,-0.01,0.01,0.02,0.01,0.01,0,0.01,0.01,0.01,0.01,0,0,-0.01,-0.01,0,0,0.01,0.01,0.01,0,0,0.01,0,0.01,0,0.01,0
UGGAAGUCUUUUCCUUUAAAG,0.238,0.143,0.19,0.429,0.02,-0.01,-0.01,-0.03,-0.02,0,0.04,0,0.03,0.05,-0.07,-0.03,0.01,0.02,0.01,0.02,0.02,0.04,0.08,0.01,0.01,-0.01,0.01,0,0,0.02,0,0.03,0,-0.03,0,0.03,0.02,0.02,0.01,0.02,0.02,0.01,0,0.01,0,0,0,0.02,0.01,0.01,-0.01,0,0,0.01,0.01,0,0.01,0.02,0
UCUCUUAGCAUCAGACACUUA,0.286,0.286,0.095,0.333,0,0.01,0.02,0.01,0.03,0.02,-0.01,0.01,-0.05,0,0.03,0.02,0.03,-0.03,-0.01,0.03,0.02,0.02,0.03,0.01,0.01,0.01,0.01,0.02,0.01,0,0.01,0.01,0,0.02,0.01,0.01,0.01,0,0.02,0.02,0.02,0,0,0,0,0.01,0,0,0,-0.01,0.01,0.01,0,0,0,0,0.01,0,0
AGAGAGAGAAUGAGAAUCAUC,0.476,0.095,0.286,0.143,0.01,-0.01,0.01,0.01,-0.01,0.05,0,0.02,0.03,0.03,0.01,0.01,0.01,0.03,0.02,0.02,0.01,0.02,0,0,-0.01,0.01,0.01,0.01,0.04,0.02,0.02,0.04,0.01,0.01,0.02,0.03,0.02,0.01,0.01,0.01,0.01,0,-0.01,0,0,0.01,0,0,0.02,0.01,0,-0.01,0.02,0,0.01,0.01,0,0.01,0
GUGGAAUGAAUAGACUUAACU,0.381,0.095,0.238,0.286,-0.03,0.01,0.01,-0.01,0,0.01,0.01,-0.01,0.06,0.02,0.05,0.02,-0.02,0.01,0.03,0.03,0.01,0.02,0,0,0,-0.01,-0.01,0.01,0.01,0.01,-0.01,0.01,0.03,0.02,0,0.01,0.01,0.01,0.02,0.01,0.02,-0.01,0.01,0,0,0.01,0.01,0.01,0,0,0.01,0.01,-0.01,0,0.01,0,0.01,0.01,0
GUCAGGAGGCUGUCUUACGUA,0.19,0.19,0.333,0.286,0.01,0.01,0.02,0.01,0.04,0,0,0.02,-0.06,0.07,0.03,0,0.02,0,0.02,-0.02,0.02,0.02,0.02,0.01,0.02,0.01,0.02,0.02,0,0.01,0.02,0.02,0.03,0,0.01,0.02,0.04,0.01,0,0.03,0.01,0.01,0,0,0.01,0,0,0.01,0,0,0.01,0.01,0.01,0.02,0.02,0,-0.01,0,0
CACAAUUGCAUGUGGAAGCUG,0.286,0.19,0.286,0.238,0.01,0,0.01,0.01,0,0,0.02,0.03,0.05,0.07,0.06,0.01,-0.02,0.01,0.02,0.01,0.01,0.02,-0.01,0.01,0.01,0.01,0.01,0.01,0.01,0.02,0.03,0.02,0.02,0.01,0.01,0.01,0.02,0.01,0.02,0,-0.01,0,0.01,0,0,0,0,0.02,0.02,0,0,0,0.01,0.02,0.01,0,0,0,0
CAAUAACUCAUUCCUACAGCC,0.333,0.381,0.048,0.238,0.03,0.01,0,-0.04,0.02,0.02,0.02,0.01,-0.01,-0.02,0.01,0.01,0.04,0.03,0,-0.03,-0.02,0.02,0.01,0.01,0.01,0,0,0.01,0.02,0.01,0.01,-0.01,0.02,0.01,0.03,0.01,0.01,0.01,0.01,0.01,0.01,0,0,0,0,0,0,0,0.01,-0.01,0.01,-0.01,0,0.01,0,0.01,0.01,0,0
CCACAAACGGUUUAAGCUUGA,0.333,0.238,0.19,0.238,0,0.03,0.03,0.07,-0.01,-0.01,0.02,0.03,0.05,-0.06,-0.03,0.01,0.02,-0.02,0.02,0.03,0.02,0.04,0.02,0,0.03,0.03,0,-0.01,0.02,0.02,0.03,0.01,-0.01,0.01,0.01,0.01,0.01,0.01,0.01,0.02,0.02,0.01,0.03,0.02,0,0,0,0.02,0.01,0.01,0,0,0,0,0,0,0.01,0,0
GUCACAAUAAUCAUCAUUUCA,0.381,0.238,0.048,0.333,-0.02,0,0.01,0.02,0.01,0.01,0.01,0.01,-0.01,0,0.02,0,0.04,0.01,0.05,0,0.01,0,0.02,0,0.02,0.02,0.01,0.01,0.01,0.01,0.01,0.02,0,0,0.01,0.03,0.02,0.02,0.01,0.01,0.01,0,0.02,0.01,0,0,0.01,0,0,0,-0.01,0,0,0,0,0,0.01,0,0
UUCCUUCAAAUAAAAAAAAAU,0.571,-0.571,0.714,0.286,0.02,0.03,0.01,-0.03,0.04,-0.02,-0.01,-0.01,-0.01,0,0.03,0.02,-0.03,0,0.02,-0.01,-0.02,-0.02,0.02,0.01,0.01,-0.01,0.01,0.02,0.01,0.01,-0.01,0,0,0.02,0.01,0.01,0.01,0.01,0.02,-0.01,0.02,0.01,0,-0.01,0.01,0,0,0,0,0.01,0,0,0,0,0,0,0.01,-0.01,0
CAUUUCUGAAUUCAGAUGUAU,0.286,0.143,0.143,0.429,0,0.03,0.03,0.07,0.02,-0.01,0.01,0.01,0.06,0.05,0.01,0.01,0.04,0.01,-0.02,-0.01,-0.01,0.01,-0.02,0.02,0.03,0.03,0.03,0.01,0,0.02,0.01,0.06,-0.01,0.01,0.03,0,0.01,-0.01,-0.01,0.01,-0.01,0.01,0.03,0.02,0.02,0,0.01,0.02,0.02,0.02,0,-0.01,0,0,0,0.01,0.01,0,0
CUAUCAUAGUUGGGUUUAAGA,0.286,0.095,0.238,0.381,0.01,-0.01,0,0.01,0.01,-0.01,0,-0.04,-0.05,0,-0.05,-0.01,0,0.05,0.03,0.03,0.02,-0.01,0.01,0.01,0,0.01,0,0.01,0,-0.01,-0.04,-0.05,-0.04,-0.01,0.01,0.01,0.01,0.02,0.02,0,0.01,0.01,0,0.01,0.01,0,0,0,-0.01,0,0,-0.02,0.01,0,0,0.02,0.01,0,0
AUCAGAACAUUGGGUAUAUUC,0.333,0.143,0.19,0.333,0.02,0.01,0.01,0,0.02,-0.01,0.01,0.03,0.06,0.02,0.06,0.02,0.05,0.05,0.03,-0.01,0.01,0.02,0.08,0.02,0.01,0.01,0.01,-0.01,0.01,0.02,0.03,0,0.03,0.02,0.02,0.04,0.05,-0.01,0,0,0.03,0,0,0,0,0.01,0,0,0.01,0,0,0,0.02,0,0,0,0,0.02,0
CACCAUGGUGUCUGGGAGCAC,0.19,0.286,0.333,0.19,0.03,0.03,0.03,0.07,0.02,0.02,0,0.04,0.06,0.07,0.03,0.01,0.01,-0.01,0.02,0,0.01,0.02,-0.01,0.01,0.01,0.03,0.03,0,0,0.01,0.04,0,0.03,0.01,0.01,0.01,0,0.01,0,0.02,0.01,0.01,0.01,0.02,0.02,0.01,0.01,0.01,0.01,0.01,0.01,0,0,0.01,0,0,0.01,0,0
ACAUUACCCCUCCCUUCCCGC,0.143,0.571,0.048,0.238,0,0.02,-0.01,0.07,0.03,0.04,0.01,0.03,0.06,0.03,-0.05,0,-0.01,0,0,0.03,0.01,0,0.03,0.01,0,0.01,0.04,0.03,0.01,0.02,0.03,0.02,0.01,0,-0.01,0.01,0.01,0.01,0.01,0.01,0.01,0.01,0.01,0,0.01,0.01,0,0,0.01,0,-0.01,0,0,0,0.01,0.01,0,0.01,0
ACCAACGAUCUGCUUGUGAAC,0.286,0.286,0.19,0.238,0.03,0,0.04,0.01,0.01,0,0.02,0.03,0,0.03,0.04,0,0,0.02,0.03,0.03,-0.01,0.01,0,0.02,0.01,0.01,0,0.01,0,0.02,0.03,-0.01,0.03,0,0,0.01,0.02,0.03,-0.02,0.01,0.01,0,0,0,0,0,0,0,0.02,0,0.01,0.01,-0.01,0,0.01,0,0.01,0,0
AGAGCUUUAGUCCAGAGCAAG,0.333,0.19,0.286,0.19,0.03,0,0.04,0.03,0.01,0.04,0.02,0,-0.05,0,0.05,0.01,-0.01,0.01,-0.01,0.01,0,-0.01,0.02,0.01,0.02,0.02,0.02,0.01,0.03,0.01,0,-0.05,0.01,0.01,0.01,0.01,0,0.01,0.01,0,0,0.01,0,0,0,0,0.02,0,0,0,0,0,0,0.01,0,0,0,0,0
CCCCCGCCUUUUUUUCUGUUG,0,0.381,0.143,0.476,0.01,0.01,0.01,0,0.02,-0.01,0,0,0.05,0.05,-0.07,-0.03,-0.02,0,0.03,0,0,-0.01,0.02,0.01,0.01,0.01,0.01,0.01,0,0.01,0,0.02,0,-0.03,0,0.01,0.01,0.01,0.01,0,0.01,0,0.01,0.01,0,0,0,0.01,0,0.01,-0.01,0,0.01,0,0,0,0,-0.01,0
UAAAUUUUGUUAUGCAAUUAA,0.381,0.048,0.095,0.476,0.01,0.03,0.01,0.03,0.04,0.02,0,0.03,0.06,0.03,0.04,0.02,0.05,0.05,0.03,0.03,0.02,-0.03,0.03,0.01,0.01,0.01,0.03,0.02,0.01,0,0.03,0.02,0.03,0.02,0.02,0.04,0.05,0.03,0.03,0,0.01,0,0,0,0.01,0.01,0,0,0.01,0.01,0.01,-0.01,0.01,0,0,0.01,0.01,0,0
UUUAGAGGAAUAGGGAAAGUG,0,0.381,0.381,0.238,-0.02,0,-0.01,-0.01,0.03,0.01,0.02,-0.01,-0.02,-0.02,0.02,0,-0.01,-0.02,-0.01,0.01,0.02,0.02,0.03,0.01,0,0.01,0.02,0.01,0.01,0.01,-0.01,0,-0.01,0,0,0.01,0,0.01,0.01,0.02,0.02,0.01,0.01,0,0.01,0,0.01,0,-0.01,0,0,0,-0.01,0,-0.01,0,0.01,0,0
GACGUGUCUGUUGUUUCUCAA,0.143,0.19,0.238,0.429,0.03,0,0.04,0.03,0.02,0,0.04,0,0.03,0.07,0.03,0.01,0.02,0.01,-0.01,-0.01,0.01,-0.01,0.01,0.02,0.01,0.02,0.02,0,0.02,0.02,0,0.03,0.03,0.01,0.01,0.01,0,0,-0.01,0.02,0.01,0,0,0,-0.01,-0.01,0,0.02,0.01,0.02,0.01,-0.01,0.01,0,0.01,0,0,0.02,0
GGGUCCGGACUGUUUGACACU,0.143,0.238,0.333,0.286,0,0.01,0.01,-0.02,0,0.05,0.01,0.01,0.04,-0.02,0.01,0.01,0.01,0.03,0.02,0,0.02,-0.01,0.04,0.01,0.01,0.01,-0.01,0.03,0.01,0.01,0.01,0.02,0.02,0.01,0.02,0.03,0.02,0.01,0.01,0.01,0.01,0,0,0,-0.01,0.02,0,0,0.01,0,0.01,-0.01,0.02,0,0.01,0,0,0,0
GAUGAAUGCUUUCUCAAAAGU,0.333,0.143,0.19,0.333,0,0,0,0.01,0.01,-0.02,0,0.02,0,0.03,-0.05,0,0.01,0.03,-0.01,0.03,0.01,0,0,0,0,0.01,0.01,0.01,0,0.02,0.02,0,0.01,0,0.01,0.03,0.01,0.01,0.01,0.01,0.01,0.01,0,0,0.01,0,0,0,0,0.01,-0.01,0,0.01,0,0.01,0,0,0.01,0
UUAAACAGUUUCAUUUGGAAG,0.333,0.095,0.19,0.381,-0.01,0.01,0.04,-0.03,0.03,0,0,0.02,0.03,0.07,0.03,0.01,-0.03,-0.03,-0.01,0.02,-0.01,0.01,0.02,0.01,0.01,0.01,0,0.01,0,0,0.02,0.03,0.03,0.01,0.01,-0.02,0,-0.01,-0.01,0,0.01,0.01,0.01,0,-0.01,0,0,0,0,0.02,0.01,0.01,0.01,-0.01,0,-0.01,0,0,0
UAGGGUCGCCUUAAGUCAACA,0.286,0.238,0.238,0.238,0.03,0.02,-0.01,-0.02,0.01,0,0.02,0.02,0.03,-0.06,-0.06,-0.02,0.01,0.02,-0.01,-0.01,-0.02,0,0,0.02,0.02,-0.01,0.01,0.01,0.01,0.02,0.02,-0.05,-0.05,-0.02,0.01,0.01,0.02,-0.01,0.02,0,0.01,0.02,0.01,0.01,0,0.01,0,0.02,0.02,-0.02,-0.01,0.01,0.01,0,0,-0.01,0.01,0.01,0
UCACAGAUGCUCCAGCAGGCA,0.286,0.333,0.238,0.143,0.03,-0.01,0.03,0.03,0,0,0.03,0.02,0.04,-0.02,-0.07,0.02,0.01,0.05,0.03,0.03,0.02,-0.03,0.02,0,0.01,0.03,0.01,0,0.01,0.01,0.02,0.02,-0.01,0.02,0.01,0.01,0.05,0.03,0.03,-0.01,0.02,0,0,0.02,0,0,0,0,0.01,0,-0.01,-0.01,0.01,0,0,0.01,0.01,-0.03,0
ACCAUAUGUUUAGAAAUAAAA,0.524,0.095,0.095,0.286,0,0.03,0.02,0.02,-0.04,-0.03,-0.03,-0.01,0.06,0.05,0.04,0.02,0.02,0,0.02,0.02,-0.01,0.02,0.08,0.02,0.02,0.02,0.01,-0.01,-0.01,-0.01,-0.01,0.06,0.04,0.02,0,0,0,0.02,0.01,0.01,0.03,0.01,0,0.01,0.01,-0.01,0,-0.01,0,0.02,0,-0.01,0,0,0,0.01,0.01,0.01,0
CCAGCCGCGGUGCCAGCAAAG,0.238,0.381,0.333,0.048,-0.01,-0.03,-0.01,0.03,0.01,0.03,0.03,-0.02,-0.06,0.05,-0.07,0.02,0,0.03,0,0.02,0.02,0,0.01,-0.01,0,0.01,0.01,0.02,0.02,0.01,-0.02,-0.06,0,0.02,0.01,0.01,0.01,0.01,0.01,0.01,0.01,-0.01,0,0,-0.01,0,0,0.01,-0.02,0,-0.01,-0.01,0,0,0,0,0,0.01,0
AACAGACACAUUACUUGAACU,0.429,0.238,0.095,0.238,-0.01,-0.01,0.01,0.03,0,0.05,0,0.02,0.03,0.02,0.05,0.01,-0.01,-0.02,0.03,0.02,0.02,0.02,0.02,-0.01,0.01,0.01,0.01,0.03,0.04,-0.01,0.02,0.02,0.03,0.01,0.01,0.01,0,0,0.02,0.01,0.01,0.01,0,0,0,0.02,0,-0.01,0.02,0.02,0.01,0,0,0,0,-0.01,0.01,0,0
UGUUCUGAGUUCUACUGUCUU,0.095,0.19,0.19,0.524,0.01,0,0.03,-0.02,-0.01,0,0.01,0.03,0,0.02,0.03,-0.01,-0.02,0.01,0.02,0,0.01,0.02,0.02,0.01,0.01,0,0,0,0.01,0.01,0.03,0.01,0.01,-0.01,-0.01,0.01,0.01,0.01,0.01,0.01,0.01,0.01,0.01,0,0,0,0,0,0.02,0.01,0,-0.01,0,0,0,0.01,0,0,0
ACCCAAAUGCUCGGAAACUCU,0.333,0.333,0.143,0.19,0.03,0.01,0,0.02,0.01,-0.02,0,0.02,0.03,0.07,0.03,0.01,-0.01,-0.01,-0.01,0.03,0.01,0.02,0.01,0.01,0.01,0,0.01,0.01,0,0.01,0.02,0.03,0.03,0.01,0.01,0,-0.02,0.01,0.01,0.02,0.01,0,0.01,-0.01,0.01,0,0,0.01,0,0.02,0.01,-0.01,0.01,0,0,0,0.01,0,0
CUUAUGACUGUGACUUCAGAA,0.286,0.19,0.19,0.333,0,0.03,0.01,0.02,0.01,0.02,0.02,0.05,0.03,0.03,0.04,0,0.02,0,0.02,0.04,0.01,0.02,0.08,0,0.02,0.03,0.01,0.01,0.01,0.01,0.05,0.04,0.03,0,0.01,0,0.04,0.03,0.01,0,0.03,0,0,0.02,0,0,0,0,0.04,0.01,0.01,0.01,0.01,0.02,0.02,0.01,0,0.02,0
AAAGAAGGAUUCCAAAGACAA,0.571,0.143,0.19,0.095,0.01,0.01,-0.03,-0.04,-0.01,0,0.01,-0.03,-0.06,0.07,0.06,0.03,0.04,0.01,0.05,0.01,0.01,-0.01,0.02,0.01,0,0,0,0,0.01,0.01,-0.03,0.02,0.02,0.03,0.01,0.03,0.02,0.01,0.01,0.01,0.01,0,0,0,0,0.01,0,0.01,-0.02,0,0,0.01,0,0,0,0.01,0,0,0
ACUCAAAUUCUUAGAUGACCA,0.381,0.238,0.095,0.286,0.02,0.01,0.01,0,0.01,0.03,0.03,0.02,0.04,0,0.01,0,-0.01,-0.01,0.03,0.03,0.01,0.02,0,0.01,0.01,0.01,0.01,0.01,0.02,0.01,0.02,0.02,0.03,0,0,-0.01,0.01,0.01,0.02,0,0.01,0.01,0,0,0,0,0,0,0.01,0,0.01,0,0,-0.01,0.01,0,0.01,-0.01,0
AGGCAGACAGUAGGAAGAGUA,0.429,0.095,0.381,0.095,0.03,-0.02,0.04,0.01,0.01,0.04,-0.03,0.01,-0.05,0,0.01,0,0.01,0.04,0.02,0.03,0,0.01,0.08,0,0.01,0.01,0,0.02,0,0.01,0.01,-0.05,0.03,0,0.02,0.01,0.02,0.01,0.01,0,0.01,0,0.01,0,0.01,0.02,0,0,0,0,0.01,-0.01,0.01,0,0.01,0,0.01,0.01,0
AUGGAAAUCCUUUUGUUUUGU,0.19,0.095,0.19,0.524,0.01,0.01,0.02,0.03,0.01,0.01,-0.01,0.01,0,0.03,-0.05,-0.01,0,0,0.03,0.02,0.03,0.03,0,0.01,0.02,0.01,0.01,0.01,0,0.01,0.01,0.01,0.01,-0.01,0,0.01,0.02,0.01,0.03,0.01,0.01,0.01,0,0,0.01,0,0.01,0,0,0,-0.01,0,0,0,0,0,0,0,0
UGUUCUGUUGUUGUCAAGUGC,0.095,0.143,0.286,0.476,-0.03,-0.02,0.04,0.02,0.01,0.05,0,0.02,0.03,0.03,0.04,0.02,0.05,-0.02,-0.02,-0.01,0.02,0.02,0.03,-0.02,0.01,0.01,0.01,0.01,0.04,0.02,0.02,0.04,0.03,0.02,0.02,0,-0.01,0.01,0.01,0,0.02,-0.01,0.01,0,0,0.01,0,0,0.02,0.01,0.01,-0.01,0.01,0,0,0,0,0.01,0
AAAAAUAUAAUUUGUUGAAUA,0,0.524,0.095,0.381,-0.01,-0.01,0.01,0.03,0.02,0.02,-0.01,0.01,0.04,0,0.01,0.01,0.01,0.02,-0.01,0.03,0.01,-0.01,0.01,0,0.02,0.02,0.02,0.03,0.01,0.01,0.01,0.02,0.03,0.01,0.02,0,0.02,0.01,0,0,0,0,0,0,0,0.02,0,0,0,0,0.01,0.02,0,0,0,0,0,0.01,0
UGUGUGCUUCUGUCCUACUAC,0.095,0.286,0.19,0.429,-0.01,0.02,0.04,0.01,-0.01,0.03,0.04,0.05,0.03,0.03,-0.07,-0.01,0.02,0.01,-0.01,-0.01,0.01,-0.01,0.01,-0.01,0.01,0.01,0.01,0.01,0.02,0.03,0.05,0.04,0,-0.01,0.01,0.01,0.01,0,0.01,0.01,0.01,0,0,0,0,0,0,0,0.04,0.01,0,-0.01,0,0,0.01,0.01,0,0.01,0
AUUUCUUCCAUUUUUAAUUAA,0.286,-0.286,0.429,0.571,0,-0.01,0.04,0.01,0.04,0,0.01,-0.01,0.05,0.07,0.06,0,-0.01,0.03,-0.01,0,-0.02,0,0.01,0.01,0.01,0.01,0.02,0.01,0.01,0,-0.01,0.02,0.02,0,0.01,0.01,0.01,0.01,0,0.01,0,0.01,0,0,0.01,0.01,0,0,-0.01,0,0,0,0.01,0,0,0,-0.01,0,0
AAAGUAGAGCUAGGACCCACU,0.381,0.238,0.238,0.143,0.01,0.02,0.02,-0.01,0.01,0.01,0,0,-0.05,-0.02,0.01,0,0.01,0,-0.01,-0.01,0.01,0,0.01,0.01,0.01,0.01,0.01,0.01,0,0.01,0,-0.01,0,0,0.02,0.01,0,0.01,0,0.01,0.01,0,0,0,0.01,0,-0.01,0,0,0,0.01,-0.01,0.01,0,0,0.01,-0.01,0,0
CUUGUUCCUGUACUCACUGUA,0.143,0.286,0.143,0.429,0,0.01,0.01,0.03,0.04,0.01,0,0.01,0.06,0.01,0.01,0,0.02,0.03,0.01,0.03,0.02,0.02,0,0.02,0.01,0.01,0.02,0.01,0,0,0.01,0.02,0.01,0,0.02,0.01,0.01,0.01,0.03,0.03,0.02,0.01,0,0,0,0,0,0,0,0,0,-0.01,0,0,0,0,0.01,0,0
GGACCCCACCUAAAAGUAUAA,0.429,0.286,0.143,0.143,0.01,0.03,0.01,0.02,0.01,0.02,0.02,0.03,0.05,0.05,0.04,-0.01,0.04,0.04,0.02,0.02,0.03,0.02,0,0.01,0.02,0.03,0.01,0,0.01,0.02,0.03,0.02,0.04,-0.01,0.01,0.02,0.02,0.02,0.03,0.01,0.01,0,0,0.02,0,0,0,0.02,0.02,0.01,0,0,-0.01,0,0.01,0.01,0,0,0
UCCUGAGAGUUCACGCUGAGC,0.19,0.286,0.286,0.238,0,-0.02,0.04,0.03,-0.02,0.04,0.02,0.04,0.06,0.02,0.01,0.01,0.01,-0.01,0,0.02,0.01,-0.01,0.04,0,0.01,0.02,0.01,0,0.03,0.02,0.04,0.01,-0.01,0.01,0.02,-0.01,0,0.02,0.02,0,0.01,0,0.01,0,0,0,0.02,0.02,0.01,0,-0.02,0.02,0,0,0.01,0,0,0,0
CUUUUCUCUCUCUUCCUGAAA,0.143,0.333,0.048,0.476,0.01,0.01,0.01,0.03,0.02,0.02,0.02,0.01,0.06,0.03,0.04,0.02,0.05,0.05,0.03,-0.04,-0.01,0,-0.01,0.03,0.01,0.01,0,0.03,0.01,0.01,0.01,0.02,0.03,0.02,0.02,0.04,0.05,0,0,0,0,0.01,0,0,0,0.02,0,0,0.01,0.01,0.01,-0.01,0.01,0,0,-0.01,0,-0.01,0
ACUGAAGUGUUCCCAAAGCUA,0.333,0.238,0.19,0.238,0.02,0.02,0,0.01,0.01,0,0.02,0.03,0.05,0.02,0.02,0,0.04,0,0,0.02,0.02,0.04,0.02,0.03,0.01,0.01,0.01,0,0.01,0.01,0.03,0,0.01,0,0.01,0,0.01,0.01,0.01,0.02,0.02,0.01,0,0,0,0,0,0.01,0.01,0,0.01,0,0.01,-0.01,0,0,0.01,0,0
UGUGUAAAGGUUUGGUUCUCA,0.19,0.095,0.286,0.429,0.02,0.03,0,-0.01,0.02,0,0.04,0.05,0.03,0.03,0.02,0.01,0.02,0,0.01,0.03,0.02,0.02,0,0.02,0.01,0.01,0,0,0.02,0.03,0.05,0,0.02,0.01,0,0.01,0.01,0.01,0.02,0.01,0.02,0,0,0,0.01,-0.01,0,0,0.04,0,0.01,0,-0.01,0,0,0,0.01,0.01,0
UCUCUCUCUCUCUCUCUCUCU,0,0,0.476,0.524,0.01,-0.01,0.01,0.03,0.02,0.02,-0.01,0.01,0,0.03,0.01,0,0.01,0.04,0.02,-0.01,0,0,0.01,0.01,0.02,0.02,0.02,0.03,0.01,0.01,0.01,0.01,-0.01,0,0.02,0.01,0.01,0,0.01,0.01,0,0,0,0,0,0.02,0,0,-0.01,0,0,-0.01,0.01,0,0,-0.01,0,0,0
UGUAGGUGGGUAGUAGGUGAG,0,0.19,0.524,0.286,0.02,0.01,-0.01,-0.01,0.02,-0.03,0,0.02,0.06,0.05,-0.07,-0.01,-0.01,0.01,0.02,0,0.03,0.02,0.02,0.01,0.01,0.01,0.01,0.01,0.01,0.01,0.02,0.06,0,-0.01,0,0.01,0.01,0.01,0.01,0.02,0.02,0,0.01,0,0.01,0,0.01,0.01,0.03,0.02,-0.01,-0.01,-0.01,0.01,0.01,0,0,0.02,0
CAGCUGGGAGUUAAAUACUCU,0.286,0.19,0.238,0.286,0,0,0.01,0.02,0.01,0.02,0,-0.01,0.06,0.02,0.02,0.01,0,0.01,0.01,0.02,0.01,-0.01,-0.03,0.01,0.02,0.02,0,0.02,0,0,-0.01,0.01,0.01,0.01,0.01,0,0.01,0.02,0.01,0.01,-0.01,0,0.02,0.01,-0.01,0.01,0,0,0,0,0.01,0,0,0,0.01,0,0,0,0
GUGGAACCUCUCUAGUUAAAA,0.333,0.19,0.19,0.286,0.01,0.03,-0.03,0,0.01,0.04,-0.03,-0.01,0.06,0.05,-0.02,0.01,0.01,0.02,0.02,0,0.01,-0.01,-0.03,0.01,0,0,0.01,0.02,0,-0.01,-0.01,0.06,0.02,0.01,0,0.01,0.01,0.02,0,0.01,0,0,0,0.01,0.01,0.02,0,-0.01,0,0.02,0.02,0,0.01,0.01,0.01,0,0,0,0
GUAACCAGUCUGUGGGAAGUA,0.286,0.143,0.333,0.238,0.01,0.02,0.02,0.03,0.01,0.03,0.02,0,0.03,0.02,0.05,0.02,0.02,0.04,0.05,0.02,0.02,0.04,0.08,0.02,0.02,0.02,0.01,0.02,0.01,0.01,0,0.02,0.03,0.02,0.01,0.01,0.02,0.01,0.01,0.02,0.02,0,0.01,0,0,0,0,0.01,0.01,0.02,0.01,0.01,0,0,0.01,0,0.01,0.02,0
AAAGCAACAUUCCCUGCUGGA,0.333,0.286,0.19,0.19,0.01,0.01,0.01,0.03,0.04,-0.02,0,0.02,0.06,0.05,-0.02,0,0,0.01,0.03,0.02,-0.01,-0.01,-0.04,0.01,0.02,0.01,0.03,0.02,-0.01,0.01,0.02,0.06,0.02,0,0,0,0,0.02,0,-0.01,-0.02,0,0,0,0.01,0,0.01,0.01,0.03,0.02,0.02,0,0,0,0,0.01,0,-0.01,0
GGCUCCAGGAUCCUAAGGGAC,0.238,0.286,0.333,0.143,0.02,-0.01,0.02,-0.03,-0.02,0.01,-0.01,0.01,0,0.03,0.04,0.03,0.04,0.01,0.03,-0.01,0.02,-0.03,0.02,0.01,0,0,-0.01,0,0.01,0.01,0.01,-0.02,0.03,0.03,0.02,0.03,0,0.01,-0.01,-0.01,0.02,0.01,0,0.01,-0.01,0.01,0.01,0,-0.01,0.01,0.01,-0.01,0.01,0,0,0,0,-0.03,0
GUCUGUACUCUAAGGGGACAU,0.238,0.19,0.286,0.286,0.02,0,0.01,0.01,0,0.05,0,0.02,0.03,0.05,0.04,0.03,0,-0.03,-0.04,0,-0.01,0.02,0,0.01,0.01,0.01,0,0.03,0.04,-0.01,0.02,0.03,0.04,0.03,0.01,0.01,-0.03,-0.02,-0.01,0.01,0.02,0,0,0,0,0.02,0,-0.01,0.02,0.01,0,-0.01,0,0.01,-0.01,0,0,0,0
UUAAAUUGCAUCUCCCUCAUU,0.238,0.286,0.048,0.429,0.02,0.02,0,-0.03,0,0.02,0.02,0.01,0.06,0.03,0.04,0.02,0.01,0.02,0,-0.01,0.02,0.01,-0.03,0.03,0.01,-0.01,0,0.01,0.02,0.01,0.01,0.02,0.03,0.02,0.01,0.01,0.02,0,0.01,0.01,0.01,0.01,0,0,0,0,0,0,0,0.01,0.01,-0.01,0.02,0,0,0.02,0.01,0.01,0
AAAUGAUGACUGAUGCUACUA,0.381,0.143,0.19,0.286,0.01,0.01,0.01,0.02,-0.01,0.05,0.01,-0.01,-0.03,-0.1,0.04,0.02,0.01,-0.01,0.03,0.02,0.03,-0.02,0.02,0.01,0.01,0.03,0.01,0.01,0.01,0.01,-0.01,-0.01,-0.01,0.02,0.01,0.02,0.02,0,0.03,0.01,0.02,0,0,0.02,0,0.01,0,0,-0.01,0,-0.01,-0.01,0.02,0,0,0,0,0,0
UGUUUAAACAUUGGAUUUAAC,0.333,0.095,0.143,0.429,0.01,0,0.04,0.03,0.01,0.04,0.02,0.04,0.06,0.02,0.02,0.01,0.02,0,0.02,-0.02,0,0.01,0.08,0.01,0.02,0.02,0.02,0.01,0.03,0.02,0.04,0.01,0.01,0.01,0,0,0.04,0.01,-0.01,0,0.02,0.01,0,0,0,0,0.02,0.02,0.01,0,0.01,0,-0.01,0.02,0.02,0,0,0.01,0
GUUUAUUUCAUUGUUUUUAUU,0.143,0.048,0.095,0.714,0.01,0,-0.03,0.03,0.03,0.01,0.01,0.02,0.03,0.05,0.01,-0.01,0.02,0.03,0.03,0.03,0.03,0.02,0.02,0.01,0,0.02,0.02,0.01,0,0.03,0.02,0.03,-0.01,-0.01,0.01,0.03,0.03,0.03,0.04,0.02,0.02,0.01,-0.02,0,0,0,-0.01,0.03,0.02,0.01,0,0,0,0,0.03,0,0.01,0.02,0
UCACUGUGGGUCUGGGCUUUA,0.095,0.19,0.333,0.381,-0.01,0.03,0.02,0.02,0.02,0.02,0.01,0.01,-0.01,0,-0.05,-0.01,-0.02,0.02,0,-0.01,0.02,0.01,-0.03,0.01,0.02,0.02,0.01,0.02,0.02,0.01,0.01,0.01,-0.04,-0.01,-0.01,0.01,0.02,0,0.01,0.01,0.01,0.01,0,0.01,0.01,0.01,0,0,0,0.01,0,-0.02,-0.02,0,0,0.02,0.01,0.01,0
AGACCCUCAUUUUAGCUGCCU,0.19,0.333,0.143,0.333,0.02,0.03,0,0.03,0.02,-0.01,0.01,0.02,0.03,0.05,0.04,0.03,0,-0.01,0.01,0.03,0.03,0.02,0,0.02,0.02,0.02,0.02,-0.01,-0.01,0.03,0.02,0.03,0.04,0.03,0.01,0,0.01,0.01,0.04,0.01,0.01,0,0,0.02,0.01,-0.01,0,0.03,0.02,0.01,0,-0.01,0,0,0.01,0,0.01,0.01,0
AGCCUUCAGAUGAAGGGGGGG,0.238,0.143,0.476,0.143,0.01,0.01,0,0.07,0.02,0.02,0.01,0.03,0.06,0.03,0.02,0.01,0.05,0.05,0.03,0.01,0,0.01,0.03,0.03,0,0.01,0.03,0,0.02,0.01,0.03,0.02,0.02,0.01,0.02,0.04,0.05,0.01,0.01,0,0,0.01,0,0.01,0.02,0.01,0,0,0.01,0,0.01,-0.01,0.01,0,0,0.01,0.01,0,0
UCUCUGCUAAUUAUACAUCUG,0.238,0.238,0.095,0.429,-0.01,0,0.04,0.03,0.02,0,0.01,-0.02,-0.05,-0.02,0,0.01,0.01,0,0.03,0.03,0.02,0.02,0.04,0,0.01,0.02,0.02,0,0.01,0,-0.02,-0.01,0.01,0.01,0.01,0.01,0.01,0.02,0.02,0.01,0.01,-0.01,0,0,-0.01,-0.01,0,0,-0.02,0,0,0.01,0.01,0,0,0.02,0.01,0,0
GAGUUCAGCCUUCAGAACUUG,0.238,0.238,0.238,0.286,0.02,0.03,0.02,0,0,0,0,-0.02,-0.01,0,0.05,0.01,0.01,0.04,0.01,-0.01,-0.01,0,-0.01,0.01,0.02,0,0.01,0.01,0.01,-0.01,-0.02,0.01,0.01,0.01,0.01,0.01,0.01,0.01,0.01,0,0,0,0.01,0.01,0.01,0,0,0,-0.02,0.01,0,0,0,0,0,0,0,0,0
UCAGCCACCCUACCCUACUUG,0.19,0.476,0.095,0.238,0.02,-0.01,0.02,0.02,-0.02,0.04,0.02,0.01,-0.02,-0.1,-0.02,0,0.01,0,0.02,0.04,0.04,0.02,0.04,0,0.01,0.01,0.01,-0.01,0.03,0.01,0.01,-0.02,-0.02,0,0,0,-0.01,0.03,0.03,0.02,0.01,-0.01,0.01,0.01,0.01,-0.02,0.01,0,0.01,0,-0.02,0,0,0,0.01,0.01,0,0,0
GACCAUGUCUUGAAAAGACAA,0.429,0.19,0.19,0.19,-0.03,0.01,0.03,0.03,0.02,0.04,0.02,0.03,0.05,0.05,-0.02,0,0.02,0,0.02,0.04,0.04,0.03,0.01,0,0.02,0.03,0.03,0.02,0.03,0.01,0.03,0.02,0.02,0,0.01,0.02,0.04,0.03,0.03,0.02,0.02,-0.01,0,0.02,0.02,0,0.01,0.01,0.02,0.01,0.02,0.01,0.01,0.02,0.02,0.01,0,0,0
GUGGUUGACUUUGGGUUUCUU,0.048,0.095,0.333,0.524,0.01,0.03,0,0.03,0.02,0.02,-0.02,0.05,0.03,0.03,-0.07,0.02,0.01,0.01,0,0.02,0.01,-0.01,0.01,0.01,0.02,0.02,0.02,0.02,0,0.01,0.05,0.04,0,0.02,0.01,0.01,0.01,0.02,0.02,0.02,0.01,0,0,0.02,0.01,0.01,0,0,0.04,0.01,0,-0.01,0,0,0.01,0,0,0.02,0
AUGUGUUUGUUUGUUUGUUUG,0,0.048,0.286,0.667,0.02,0,0.02,0,0.01,-0.02,0,0.02,0,0.03,0.05,0.02,0.01,-0.02,0.01,0.02,-0.01,0,0.01,0,0.01,0.01,0.01,0.01,0,0.02,0.02,0,0.01,0.02,0.01,0.01,0.01,0.01,0.01,-0.01,0.01,-0.01,0,0,0.01,0,0,0,0,0.01,0,0.01,0,0,0,0.01,0,0,0
UUUGUUUUGCUCCUGACACCA,0.143,0.286,0.143,0.429,0.02,0.01,-0.01,0.03,0.01,-0.02,0.01,0.02,-0.06,0.05,0.04,0.03,0.02,0,0.03,0.03,0,0,0.01,0,0.01,0,0.01,0,0,0.01,0.02,-0.06,0.04,0.03,0.01,0.02,0,0.03,0.01,0.01,0.01,0,0,0,-0.01,0,0,0.01,0,0,0,-0.01,0.01,0.01,-0.01,0.01,0,0.01,0
CCACCCUCUUUUAAGUAGAUU,0.238,0.286,0.095,0.381,0.03,0,0.01,0.07,0,0.02,0.02,0.04,0.06,0.05,0.04,0.02,0.01,-0.01,0.03,0.02,0.02,0.01,0.08,0.01,0.01,0.02,0,0,0.01,0.01,0.04,0.06,0.04,0.02,0.01,0.02,0.02,0.02,0.02,0.01,0.02,0.01,0.01,0,0,0,0.01,0.01,0.01,0.02,0,-0.01,0.02,0,0,0.01,0.01,0.01,0
GUGACCAGAAUAGUAACUAAA,0.476,0.143,0.19,0.19,0.02,0.03,0.01,0.03,0.01,0.01,0.02,0.02,0.03,-0.06,-0.06,-0.02,0.02,0.03,0.03,0.03,0.02,0.02,0,0.02,0.01,0,0.01,0.01,0.01,0.02,0.02,-0.05,-0.05,-0.02,0,0.03,0.03,0.03,0.01,0.01,0.01,0,0,0,0,0.01,0,0.02,0.02,-0.02,-0.01,0.01,-0.01,0,0.03,0,0,0,0
AUGUUGAAUUUAUUUGCUUAA,0.286,0.048,0.143,0.524,0.01,0.02,0.02,0.02,0.03,0.03,-0.01,0,-0.03,-0.1,-0.07,-0.03,0.01,0.02,0.02,0,0.01,-0.01,0.02,0.02,0.02,0.01,0.01,0.01,0.01,0,0,-0.01,-0.06,-0.03,0,0.03,0.01,0.01,0.01,0.01,0.01,0,0.01,0,0,0,0,0,0.01,0,-0.03,0,0,0.01,0,0,0,0,0
CAAAUGUGGCUCUAAAUUUUA,0.333,0.143,0.143,0.381,-0.01,0.03,0.03,0.07,0.03,0.04,-0.02,0.02,0.04,0,0.02,0,-0.02,0.01,0.02,0,0.01,0.01,-0.01,0.01,0.03,0.03,0.04,0.03,0,0.01,0.02,0.02,0,0,-0.01,0.01,0.02,0.02,0,0,0,0.01,0.03,0.02,0.01,0.01,0,0,0.01,0,-0.01,0,0,0.02,0.01,0,0,0,0
AGGAUCAUUAUGAAAGAUGAA,0.476,0.048,0.238,0.238,0.03,0,0.01,0.02,0,-0.01,-0.03,0,0.03,0.02,0.01,0.01,0.01,0.02,0.01,-0.01,0.01,-0.01,-0.01,0.01,0.01,0.01,0.01,0.01,-0.01,0,0,0.02,-0.01,0.01,0.02,0.03,0.02,-0.01,0,0.01,0.01,0.01,0.01,0,0,0,-0.01,0,0.01,0.02,-0.02,0.02,0,0.01,0.01,0,0,0,0
UAGCUCCCCUUUCUCUGCUUG,0.048,0.381,0.143,0.429,-0.03,-0.01,0.01,0.03,0.04,0.02,0.02,0,0.03,0.02,0.01,0,0,0.02,0.03,0.02,0.01,0.01,0.02,-0.01,0.01,0.01,0.03,0.02,0.01,0.01,0,0.02,-0.01,0,0,0.01,0.02,0.01,0.01,0.01,0.01,0,0,0,0.01,0.01,0,0.01,0.01,0.02,-0.02,0,0,0.01,0.01,0,0,0,0
UGAACACGUAUGCCAAUGGAC,0.333,0.238,0.238,0.19,-0.01,0.01,0.01,0.07,0.03,-0.03,-0.03,0.01,-0.05,0,0.06,0.03,0,0,0,-0.01,-0.02,-0.01,0,0,0.01,0.02,0.04,0,-0.01,0.01,0.01,0.01,0.01,0.03,0.01,0,0.01,0.01,0.01,-0.02,-0.01,0.01,0.01,0,0.01,0.01,0,0,0,-0.01,0,0.01,0,0.01,0,0.01,0,0,0
UCUGCUCCCGUGUUACAGUGU,0.095,0.286,0.238,0.381,-0.01,0,0.01,0.01,0.01,0.02,0.01,0.02,-0.06,0.05,0.04,-0.01,0.04,0.04,0.02,0.03,0.01,-0.01,0.01,-0.01,0,0.01,0.01,0,0.01,0.01,0.02,-0.06,0.04,-0.01,0.01,0.02,0.01,0.01,0.01,0.01,0,-0.02,-0.01,0.01,0,-0.01,0,0.01,0,0,0,0,-0.01,0,0,0.01,0,0,0
GACCUAACUUUGGAUACUUUU,0.238,0.19,0.143,0.429,-0.02,0.01,0.03,0.03,0.02,0.04,0.02,0.03,0.05,-0.06,0.01,0.01,0.04,0.02,0.03,0.01,0,-0.01,0.02,0,0.02,0.03,0.03,0.02,0.03,0.01,0.03,0.01,0.01,0.01,0.02,0.02,0.01,0.01,0.01,0,0.01,-0.01,0,0.02,0.02,0,0.01,0.01,0.02,0.01,0,-0.01,0,0,0,0.01,0,0,0
UCCUCUAUAGUUAACCACAUU,0.286,0.286,0.048,0.381,0.02,0.03,0,0.03,0.02,-0.04,0.02,0,-0.05,-0.02,0.01,0.01,-0.03,0,-0.01,0.04,0.04,0.02,0.04,0.02,0.01,0.01,0.03,0,-0.01,0.01,0,-0.01,0.02,0.01,-0.01,0.01,0,0.01,0.03,0.02,0.01,0,0,0.01,0.02,-0.01,0,0,0,0,0.01,-0.01,-0.02,0.01,0.01,0,0,0,0
AAUUUCAAAAUUGCAGAGAAA,0.524,0.095,0.143,0.238,-0.03,0.01,0,0.02,0.02,0.02,0.03,0.02,0.03,0.05,-0.02,0,0.01,0.02,0,0,-0.01,-0.01,0.02,-0.01,-0.01,0.01,0.01,0.01,0.02,0.02,0.02,0.03,0.02,0,0,0.01,0.01,-0.01,0.01,0.01,0.01,0,-0.01,0.01,0.01,0,0,0.02,0,0.01,0.02,0,0,0,0.01,0.01,0,0,0
UGGAUCACUUUGCAUCAGUAG,0.238,0.19,0.238,0.333,0.03,0,0.01,0.07,0.02,0.02,0.03,0.02,0.03,0.02,-0.05,-0.01,0.04,0.04,0.03,0.03,0.04,0.03,0.01,0.01,0,0.02,0.03,0.01,0.02,0.02,0.02,0.02,-0.01,-0.01,0.01,0.03,0.02,0.01,0.01,0.02,0.02,0.01,0.01,0,0.02,0,0,0.02,0,0.02,0,-0.02,0,0,0.01,0,0,0,0
GGCUGGUAAAUUGAAAUACUG,0.333,0.095,0.286,0.286,-0.02,-0.05,0,0,-0.01,0.01,-0.03,0.01,0,0.01,0.01,0,0.02,0,-0.01,0,-0.01,0,-0.01,-0.02,0,0.01,0,0,0.01,0,0.01,0,0.01,0,0.01,0.01,0.01,0.01,0.01,0,0,-0.02,0,0,0,0.01,0.01,0,-0.01,0,0,0.01,0,0.01,0.01,0,0.01,0,0
GACCAUCACAUAUUUCCUGGU,0.238,0.286,0.143,0.333,0.02,0.01,0.02,0.02,-0.01,-0.01,-0.01,-0.01,0.03,0.02,0.06,0.02,0.05,0.05,0.03,-0.04,-0.01,0,0.02,0.02,0.01,0.02,0.01,0,0,0.01,-0.01,0,0.03,0.02,0.02,0.04,0.05,0,0,0,0,0,0.01,0.01,0,0,0,0,-0.01,0,0,0,0.02,0,0,-0.01,0,-0.01,0
GCUUCUUUGUUUAUUCAUUUG,0.095,0.143,0.143,0.619,0.03,0.03,0,0.03,0.02,-0.01,0.02,0.03,0.05,0.05,0.04,-0.01,-0.01,0,0.03,-0.01,0.02,0.01,0.01,0.03,0.01,0.01,0.02,0.01,0.02,0.02,0.03,0.02,0.04,-0.01,0,-0.01,0.02,0.01,0.01,0.01,0.01,0.01,0,0,-0.01,0,0,0.02,0.01,0.01,0,0,0,-0.01,0,0.01,0,0,0
GCUAUUCCAUUGUUCCUGUAC,0.143,0.286,0.143,0.429,0.01,0,0.01,0.01,0,0,0.04,0.05,0.03,0.03,0.01,0.01,0.04,0.04,0,0.02,0.01,0,0.02,0.01,0.01,0.01,0.01,0,0,0.03,0.05,0.04,0.01,0.01,0.03,0.03,0.01,0.01,0.01,0.01,0.01,0,0.01,0.01,0,0,0,0,0.04,0.01,0,-0.01,0,0,0,0,0,0,0
CAUCAAUCUUUCUCAGUUUGU,0.19,0.238,0.095,0.476,0.03,0.02,0,-0.02,-0.02,0.01,0.01,0.02,0.03,0.07,0.03,0.02,0.01,0,-0.01,0.03,0.03,0.01,0.02,0.01,0.01,0,-0.02,0,0.01,0.03,0.02,0.03,0.03,0.02,0.01,0.01,0,0,0.04,0,0.01,0,0.01,0,-0.01,0.01,0,0.03,0.02,0.02,0.01,0.01,0,0,0,-0.01,0.01,0,0
GAACAUGAGCUCUUGAGAUUC,0.286,0.19,0.238,0.286,0.03,0.02,-0.01,0.01,0,0,0.01,0.02,0.03,0.07,0.03,0.02,0.02,0.03,0.03,0.03,0.03,0.02,0.03,0.02,0.02,0.01,0.01,0.01,0.01,0.03,0.02,0.03,0.03,0.02,0.01,0.03,0.03,0.03,0.04,0.01,0.02,0.02,0.01,0,0,0.01,0,0.03,0.02,0.02,0.01,0,0,0,0.03,0,0.01,0.01,0
AUUCAGGAGGUCUCAGAACAC,0.333,0.238,0.238,0.19,0,0,-0.03,0.03,0.03,0.02,0,0.02,-0.06,0.02,0.01,0.01,-0.06,-0.02,-0.01,0,-0.01,0.02,-0.01,0,0,0.02,0.02,0.02,0.01,0.01,0.02,-0.01,-0.01,0.01,0,-0.01,0,0.01,0.01,0,0.01,0.01,-0.02,0,0,0.01,0,0.01,0,0.01,-0.02,0.02,0.01,-0.01,0,0,0.01,-0.01,0
UAAGGCUUUAUUGUCUCCUAA,0.238,0.19,0.143,0.429,0.02,0.01,0.01,-0.02,-0.01,0.04,0,0,-0.01,0,0.02,0.01,0.05,0,0.01,-0.01,0.02,0.02,0.01,0,0.02,0,0,0.01,0.01,0,0,0.02,0,0.01,0.02,0.01,0.01,0.01,-0.01,0.03,0.01,0,0,0.01,0.01,0,0.01,0,-0.01,0,-0.01,-0.01,0.01,0,0,0,0,0,0
UCUUAACUCUUGGGGCUGGUA,0.143,0.19,0.286,0.381,0,-0.03,-0.01,-0.01,0.03,-0.02,-0.01,-0.01,-0.04,0,-0.03,0,0,0.02,0.01,0.04,0.01,0,0,0,-0.01,0,0.02,0,0,0.01,-0.01,0.01,0.01,0,0.01,0.01,0.01,0.01,0.01,0.01,-0.01,0,0.01,-0.01,0.01,0.01,0,0,-0.02,0,0,0,0,0.01,0.01,0.01,0,0.01,0
