Aligned,A_composition,C_composition,G_composition,U_composition,PSTP1,PSTP2,PSTP3,PSTP4,PSTP5,PSTP6,PSTP7,PSTP8,PSTP9,PSTP10,PSTP11,PSTP12,PSTP13,PSTP14,PSTP15,PSTP16,PSTP17,PSTP18,PSTP19,PSTP20,PSTP21,PSTP22,PSTP23,PSTP24,PSTP25,PSTP26,PSTP27,PSTP28,PSTP29,PSQP1,PSQP2,PSQP3,PSQP4,PSQP5,PSQP6,PSQP7,PSQP8,PSQP9,PSQP10,PSQP11,PSQP12,PSQP13,PSQP14,PSQP15,PSQP16,PSQP17,PSQP18,PSQP19,PSQP20,PSQP21,PSQP22,PSQP23,PSQP24,PSQP25,PSQP26,PSQP27,PSQP28,PSPP1,PSPP2,PSPP3,PSPP4,PSPP5,PSPP6,PSPP7,PSPP8,PSPP9,PSPP10,PSPP11,PSPP12,PSPP13,PSPP14,PSPP15,PSPP16,PSPP17,PSPP18,PSPP19,PSPP20,PSPP21,PSPP22,PSPP23,PSPP24,PSPP25,PSPP26,PSPP27,Class
CUAUCAUCGCUGAUCUCCCACUCCCUGAUCU,0.161,0.419,0.097,0.323,0,-0.02,-0.02,-0.02,-0.04,-0.03,0.01,-0.02,-0.01,0,-0.01,-0.02,0.01,0.04,-0.02,-0.01,0.01,-0.02,-0.05,-0.03,-0.02,-0.04,-0.01,-0.02,-0.03,0.01,0,-0.02,-0.01,-0.02,-0.01,-0.02,-0.03,-0.02,-0.01,0,-0.01,-0.01,-0.01,-0.02,-0.03,0.01,0,-0.02,0.01,0,-0.03,-0.03,-0.01,-0.01,-0.01,-0.01,-0.02,-0.01,0,-0.02,-0.01,-0.01,0,0,-0.02,0,0,0,0,-0.01,-0.02,0,-0.03,0.01,0,-0.02,0,0,0,-0.01,-0.01,0,0,0,-0.01,0,0.01,-0.01,1
GAAGAGGUCAUCGGUUCGAUUCCGGUUGCGU,0.161,0.194,0.355,0.29,-0.01,-0.03,-0.01,-0.02,-0.01,-0.01,0.04,-0.01,0.01,0,-0.01,-0.02,0.01,0.04,0.09,0.03,0,0,-0.02,-0.01,-0.04,0,0,-0.02,0,-0.01,0,0.01,0.01,-0.01,-0.01,-0.01,-0.02,0,-0.01,0.01,0.02,-0.01,0,-0.02,0,0.01,0.03,-0.01,0,-0.01,-0.01,-0.01,-0.01,-0.02,-0.01,0,-0.01,-0.01,-0.01,-0.01,0,-0.01,0,0,0,0,-0.01,0.01,0.02,0,0.01,0,0,0,-0.01,0,0,0,-0.01,-0.01,0,0,0,0,0,0,0,0,1
GUAAGAUGCAAGAGUUCGAAUCUCUUAGCAA,0.355,0.161,0.226,0.258,-0.01,-0.03,0,-0.03,-0.01,-0.01,-0.01,0.01,0.02,-0.01,-0.02,-0.04,-0.04,0,-0.04,-0.02,-0.04,-0.03,-0.01,0,-0.02,-0.04,-0.04,0.01,0.02,-0.02,-0.02,-0.03,-0.02,-0.01,-0.01,-0.01,-0.01,0,-0.01,0,0.01,-0.01,0,0,-0.03,-0.04,-0.03,0,-0.04,-0.03,-0.01,-0.01,0,-0.03,-0.03,-0.02,0.01,-0.01,-0.03,-0.01,-0.03,0,0,0,0,0,-0.01,-0.01,0,0,0,0,0,0,-0.03,0.01,0,-0.01,0,0,0,0,-0.02,-0.01,0.01,-0.01,-0.02,0,1
GCGAAAGAUUAGAAAUCUUUUGGGCUUUGCC,0.258,0.161,0.258,0.323,-0.02,0,0.01,0,0.01,-0.01,-0.03,0.01,0,0,-0.01,-0.04,-0.02,0.01,-0.02,-0.01,-0.02,0.01,0,0,-0.02,-0.01,-0.04,-0.03,-0.01,-0.02,0.02,0,0.01,-0.01,-0.01,-0.01,0,-0.01,-0.01,0,0.01,-0.01,-0.01,-0.01,-0.01,-0.02,-0.03,-0.02,-0.02,-0.01,0,0,0,0,-0.03,-0.03,-0.01,-0.01,0,0.01,-0.01,0,0,0,0.01,-0.01,-0.01,0,0,0,-0.01,-0.01,-0.01,0,0,-0.02,-0.01,0,0,0,0,0,-0.01,0,0,0,0,-0.01,1
GGUUAAGGCGAAAGAUUAGAAAUCUUUUGGG,0.323,0.065,0.323,0.29,-0.01,0.01,-0.03,0.01,-0.01,0.02,-0.02,-0.02,-0.01,0,-0.02,0.04,0.03,0.01,-0.02,0.01,0,0.01,0.01,-0.02,-0.02,0,-0.03,-0.01,-0.03,-0.04,-0.02,-0.01,-0.01,-0.01,-0.01,-0.01,0,-0.01,-0.01,-0.01,0,-0.01,0.01,0.01,0.03,0.03,-0.03,-0.01,0,-0.02,0,-0.01,0,0,-0.01,-0.02,0,-0.03,-0.01,-0.01,-0.01,0,-0.01,0,0.01,0,-0.01,0,0,0.01,0.01,0.02,0.03,0.02,0,0.01,-0.02,0.01,-0.01,0,0,0,0,0,-0.01,0,0,-0.01,1
UUUAGGACCGAGCUUUUAGUGGAUGUCAUCA,0.226,0.161,0.258,0.355,-0.03,-0.02,-0.01,0.02,-0.01,0,-0.02,-0.03,-0.01,0.02,-0.01,0.01,-0.01,-0.04,-0.04,0.01,0.02,0.01,0,-0.01,-0.01,-0.04,-0.04,0.01,0,-0.01,-0.03,-0.03,-0.01,0,-0.01,0,0,-0.01,-0.01,-0.02,-0.01,0,0,0,-0.01,-0.01,-0.01,0,0.02,0,0,-0.01,-0.01,-0.01,-0.03,-0.02,-0.01,-0.01,-0.01,-0.03,-0.01,0,-0.01,0.01,0,0,0,-0.01,0,-0.01,0,0,0,0,0,0,0,0.01,0,0,0,0,-0.02,-0.01,0.01,0,-0.01,0,1
GGACACUUCUGAUGUUUCAAAAGAUAUUCCA,0.323,0.194,0.161,0.323,-0.03,-0.04,-0.01,-0.01,0,0,-0.02,-0.03,-0.01,-0.01,0,-0.02,0.01,0.04,-0.02,0.01,0.01,0.02,0.02,-0.02,-0.02,-0.04,-0.01,-0.02,-0.01,-0.01,-0.01,-0.02,-0.04,-0.02,-0.01,-0.01,-0.01,-0.01,-0.02,-0.01,-0.02,-0.01,-0.01,-0.01,0,0.01,0,-0.01,0.01,-0.01,-0.02,-0.02,0.01,-0.03,-0.01,-0.01,-0.01,-0.01,-0.01,-0.01,-0.01,-0.01,0,0,-0.01,-0.01,-0.01,0,-0.01,0,0,0,0,0.01,0,0.01,0.01,-0.02,0,-0.01,0.01,0,0,-0.01,0,0,-0.01,0,1
GGUACUGGACGAGAAUCGCAGAACAAUUUGA,0.355,0.161,0.29,0.194,-0.02,0,0.03,-0.01,-0.06,0.02,-0.02,-0.01,-0.01,0,0,-0.01,-0.02,0,0.09,-0.02,0.01,-0.03,-0.04,-0.02,-0.03,-0.05,0,0.01,0,0,0.01,0,0,0,-0.01,-0.01,-0.03,-0.01,0,-0.01,-0.01,0,-0.01,-0.01,-0.01,-0.02,0,0,0.01,-0.02,-0.03,-0.01,-0.02,-0.04,-0.01,0,0,0,-0.01,-0.01,0,-0.01,0,0,0,0,-0.01,0,0,0,-0.01,0,-0.01,-0.02,0,0.01,-0.02,-0.01,-0.02,-0.01,0,-0.01,-0.01,0,-0.01,0,0,0,1
CGUAGAUGUUUGUUGUUCACCCACAACUGAA,0.258,0.226,0.194,0.323,-0.01,0.01,-0.01,-0.02,-0.03,-0.03,0,-0.01,0,0.03,0.01,0.01,0.01,0,-0.02,-0.02,-0.01,-0.03,0.01,-0.03,-0.03,-0.01,-0.04,-0.01,-0.01,0.02,-0.02,-0.02,0,-0.01,0,-0.02,-0.01,-0.01,-0.01,-0.01,-0.01,0,-0.01,0,0,0.01,-0.01,0.01,-0.01,-0.03,0,-0.01,-0.02,-0.03,-0.01,-0.02,-0.01,0.01,-0.01,-0.02,-0.01,0,0,-0.01,0,-0.01,0,0,0,-0.01,0,0.01,0,-0.01,0.01,0,0.01,-0.01,0,-0.01,0,0,0,0,-0.01,-0.01,0,0,1
GAGUUGUCGAGUUUUUUGAGGUUAAGAAUGA,0.258,0.032,0.323,0.387,-0.01,-0.02,-0.02,0.01,-0.02,-0.01,-0.04,-0.01,-0.01,-0.02,-0.02,0.04,0.03,0.01,0,-0.02,0.01,0.01,0.01,0,-0.01,-0.02,0.02,-0.01,-0.01,0,-0.01,-0.04,-0.03,0.01,-0.03,-0.01,-0.02,-0.01,-0.02,-0.01,-0.01,-0.01,-0.02,-0.03,0.03,0.03,-0.01,0,0.01,-0.01,0,0,0,-0.01,0,-0.01,-0.01,-0.01,-0.01,-0.02,-0.01,-0.01,-0.02,0.01,-0.01,0,0,0,0,0,-0.01,-0.02,0.03,0.02,0,0,-0.01,0,-0.01,0,0,0,0.02,0,0,0,0,0,1
AAGGUCGAAAAAGUUUCAGGCAGUUUCUCAG,0.323,0.161,0.258,0.258,-0.03,0.01,-0.02,0.01,0.01,-0.01,0.01,-0.03,0,0,-0.01,-0.02,0.02,0,0.01,0.01,0,-0.01,-0.01,-0.03,-0.02,-0.03,-0.04,-0.01,-0.04,0.01,0.01,0.01,-0.01,-0.01,-0.01,0,-0.01,0,0,-0.01,-0.01,-0.01,-0.01,-0.01,-0.01,0.02,-0.01,0.01,0,-0.01,-0.01,-0.01,-0.02,-0.02,-0.01,-0.02,-0.01,-0.01,0,0,-0.01,-0.01,0,-0.01,0,0,-0.01,0,0,0,0,0,-0.01,0.01,0,0,0.03,-0.01,-0.01,0,0,0,-0.01,0,0,0,0.01,0,1
CGUUGGGCCCCCGGUUCGAUUCCGGGCUUGC,0.032,0.355,0.355,0.258,-0.02,0,-0.03,-0.01,0.01,0.01,-0.03,-0.03,0,0,-0.01,-0.01,-0.04,0,-0.02,-0.06,-0.04,-0.02,-0.02,-0.03,-0.02,0.01,-0.01,0,0,-0.02,-0.02,-0.02,0,-0.01,-0.01,-0.01,-0.01,-0.01,-0.01,-0.03,-0.02,-0.01,-0.01,0,0,-0.04,-0.01,-0.04,-0.04,-0.02,-0.01,-0.02,0,-0.01,-0.01,-0.02,-0.01,-0.01,-0.01,-0.01,-0.01,0,0,-0.01,0,-0.01,0,-0.01,-0.01,0,-0.01,0,0,0,0.01,-0.01,-0.01,-0.02,-0.01,-0.01,0,0.01,0,-0.01,0,-0.01,0,0,1
UGGUAAAAUCCAACGUUGCCAUCGUUGGGCC,0.226,0.258,0.258,0.258,0,-0.01,-0.03,-0.03,-0.01,-0.01,-0.04,0,-0.04,-0.02,0,-0.01,-0.01,0.03,0.09,0.03,0,0.01,-0.02,-0.01,-0.02,0,0,-0.03,-0.02,-0.03,-0.05,-0.02,0,-0.01,-0.02,-0.02,-0.02,-0.01,-0.02,-0.01,-0.01,-0.03,-0.01,-0.01,-0.01,-0.01,0.03,-0.01,0,0,-0.01,-0.01,-0.01,-0.01,-0.01,-0.01,-0.03,-0.02,-0.03,-0.02,0,0,-0.01,0,-0.01,0,0,0,-0.01,-0.01,-0.01,0,-0.01,-0.01,0,0,0,0.01,0,-0.01,0,0,0,0,-0.01,0,-0.01,0,1
UAAGCGCAAGUGGUUUAGUGGUAAAAUCCAA,0.355,0.129,0.258,0.258,-0.03,-0.03,-0.03,-0.02,0,-0.03,-0.02,-0.01,0,-0.01,0.01,0.06,0.03,0.02,0,-0.02,0,0.01,0.02,0,-0.03,-0.05,-0.04,0.01,0,-0.02,-0.01,0.01,-0.01,-0.02,-0.01,-0.02,0,-0.02,-0.01,-0.02,0,0,-0.01,0.01,0.02,0.03,0,0.01,0,-0.01,0.01,0,-0.01,-0.04,-0.01,0,0.01,-0.02,-0.01,-0.01,-0.02,0,0,0,0.01,-0.01,-0.01,0,0,0,0,0,0,0.03,0,0,0,0,0,-0.01,0,-0.01,0,0,-0.01,0,0,0.01,1
GGUUAAGGCGAAAGAUUAGAAAUCUUUUGGG,0.323,0.065,0.323,0.29,0,0.01,0.02,-0.02,0.01,-0.03,-0.01,0.01,-0.01,-0.01,0,-0.04,-0.02,-0.04,-0.04,0.03,0.01,-0.02,-0.05,-0.03,-0.03,-0.01,-0.04,-0.01,0.01,-0.03,-0.03,-0.02,-0.01,0,-0.01,-0.01,-0.01,0,0,0,-0.01,-0.01,-0.01,-0.01,-0.01,-0.02,-0.02,-0.01,0.01,-0.02,-0.03,-0.02,-0.02,-0.03,-0.01,-0.02,-0.01,-0.01,-0.01,-0.01,-0.01,-0.01,-0.01,0,-0.01,0,0,0,0,0,-0.01,0,0,-0.01,-0.01,0,0.02,0,0,-0.01,0,0,0,0,-0.01,-0.01,0,0,1
GCGAAAGAUUAGAAAUCUUUUGGGCUUUGCC,0.258,0.161,0.258,0.323,-0.03,-0.03,0.01,0,0,-0.03,-0.02,-0.02,-0.01,-0.02,-0.01,-0.04,-0.04,0,-0.04,-0.02,0,0.01,0.03,0,0.01,-0.01,0.02,0,-0.02,-0.03,-0.01,0.02,0,-0.02,-0.01,-0.01,-0.01,-0.01,-0.02,-0.02,-0.01,-0.01,-0.01,-0.02,-0.03,-0.04,-0.03,-0.03,0,-0.01,0,0,-0.01,-0.01,0,0,0,-0.01,-0.01,0,0,0,0,0,0,0,0,0,-0.01,0,-0.01,0,0,0,-0.03,0,0,-0.01,0,-0.01,-0.01,-0.01,0,0,0.01,0,0,0,1
GGCUUCAUUAACAUGUACUUCAACUACGGAA,0.323,0.226,0.161,0.29,-0.02,0,-0.01,0,0.01,-0.03,-0.01,-0.02,-0.01,-0.04,-0.01,0,0,-0.04,-0.02,-0.02,-0.04,-0.03,-0.02,-0.01,0,-0.01,0,0.01,0.01,0.01,0,0.02,0,-0.01,-0.01,-0.01,0,-0.01,-0.01,-0.01,-0.01,-0.01,-0.01,-0.01,-0.01,0,-0.01,-0.01,-0.04,-0.03,0,-0.01,-0.01,-0.01,-0.01,0,0.01,0,0,0.01,0,-0.01,-0.01,0,0,0,0,0,0,-0.01,0,0,0,0,0,0,0,-0.01,0,0,0,0,0,0,0,0,0,0.01,1
GUGGAGAUCAUCGGUUCAAAUCCGAUUGGAA,0.29,0.161,0.29,0.258,0.01,0.01,0.01,-0.01,0,0,-0.01,-0.01,-0.01,0,0,0,-0.02,-0.02,-0.04,0.03,0.01,-0.01,0.01,0.02,0,-0.01,-0.02,-0.02,0,-0.01,-0.02,0,0.01,0.01,0,-0.01,0.01,0,-0.01,-0.01,-0.01,0,-0.02,-0.01,-0.01,-0.02,-0.02,-0.01,0.01,0,0,0,0.01,0,-0.02,-0.01,-0.01,-0.01,-0.01,0,0,0,0.02,-0.01,0,0,-0.01,0,-0.01,0.01,0,0,0,-0.02,0,0,0,0,0,0,0,0,0,-0.01,0,-0.01,0,0,1
UUUGGUUUUCAAGUGUAAUAGGCUACGUGAU,0.226,0.097,0.258,0.419,0.01,0.02,0,-0.02,0,-0.01,-0.01,-0.02,-0.02,-0.01,-0.02,0,0,-0.04,-0.04,-0.03,-0.01,0.01,-0.01,0.03,0.01,-0.01,-0.04,-0.02,-0.01,0,-0.03,-0.02,0.01,0,0,-0.01,0,0,-0.02,-0.01,-0.01,0,-0.01,-0.01,-0.01,0,-0.01,-0.03,-0.01,-0.01,-0.01,-0.01,0,-0.01,-0.03,-0.01,-0.01,-0.01,-0.01,-0.02,0,0,-0.01,0,0,0.01,0,-0.01,-0.01,0,0,0,0,0,0,0,0,0,0,0,-0.01,0,-0.01,-0.01,0,0,-0.01,-0.01,1
CAGUGGUUCAAGACGUCGCCUUUACACGGCG,0.194,0.29,0.29,0.226,-0.01,-0.03,-0.01,0,0.01,-0.02,-0.02,-0.01,0,-0.02,-0.01,-0.02,0.01,0.04,-0.02,0.01,0.01,0.02,0.02,-0.02,0.01,-0.04,-0.02,-0.02,0,-0.02,-0.02,0,0,-0.01,0,-0.01,0,-0.01,-0.01,-0.02,-0.01,0,-0.01,-0.02,-0.03,0.01,0,-0.01,0.01,-0.01,-0.02,-0.02,-0.01,-0.01,-0.03,-0.02,-0.01,0,-0.01,-0.01,-0.01,-0.01,0.01,-0.01,0,-0.01,-0.01,0,0,-0.01,-0.01,0,-0.03,0.01,0,0.01,0.01,-0.02,0,-0.01,-0.01,0,0,-0.01,0,0,0,0,1
UAGUGGUUAUCACUUUCGGUUUUGAUCCGGA,0.161,0.161,0.258,0.419,-0.02,-0.04,0.03,0.01,-0.01,-0.01,-0.01,-0.02,-0.03,-0.04,-0.02,-0.01,-0.03,-0.04,0.05,0.01,-0.02,0.01,0.03,-0.01,-0.03,-0.01,-0.01,-0.02,-0.01,-0.01,-0.03,0.01,-0.01,-0.01,-0.01,0,-0.01,-0.01,-0.01,-0.01,-0.02,-0.01,-0.02,-0.01,-0.02,-0.03,-0.01,0.02,-0.02,-0.01,0.01,-0.01,-0.01,-0.03,0,-0.01,-0.01,-0.01,-0.01,-0.01,-0.01,0,0,0.01,0,0,-0.01,0,0,0,0,0,0,-0.01,0.01,0,0,-0.01,0,-0.01,0,0,-0.01,0,0,0,0,0,1
CACUUUCGGUUUUGAUCCGGACAACCCCGGU,0.161,0.323,0.226,0.29,0,-0.01,0.02,0,-0.02,-0.03,-0.03,-0.02,-0.01,-0.01,-0.02,-0.01,0,0.02,0,-0.03,-0.02,-0.03,-0.03,-0.03,-0.03,-0.03,-0.04,-0.02,-0.03,0.01,-0.03,-0.01,0.01,0,-0.01,0.01,0,-0.02,-0.02,-0.03,-0.02,-0.01,-0.01,-0.01,-0.01,0,0,-0.02,-0.02,-0.02,-0.03,-0.03,-0.02,-0.01,-0.02,-0.01,-0.02,-0.02,-0.01,-0.01,0,0,-0.01,0,-0.01,-0.01,0,0,0.01,0,0,0,0,0,0,-0.01,0,0,0,0,-0.01,0,0,0,-0.01,0,-0.01,0,1
AAUUGAUCUAUGUUGUAGCUGCGCUGGCGGC,0.161,0.194,0.323,0.323,-0.02,-0.01,-0.01,0.01,-0.02,-0.01,-0.02,-0.03,0,-0.02,0.01,0.01,0.01,0,-0.04,-0.02,-0.04,-0.03,-0.02,-0.01,0.04,0.01,0,-0.02,-0.02,-0.02,0.01,0.01,-0.04,-0.01,0,-0.01,-0.01,-0.01,-0.01,-0.02,-0.01,-0.01,0,0.01,0,0.01,-0.03,0,-0.04,-0.03,0,-0.01,0,0.01,-0.01,-0.01,-0.01,-0.02,-0.01,0,-0.01,0,0,-0.01,0.01,0.01,0,-0.01,0,-0.01,0,0,0,-0.01,-0.03,0.01,0,-0.01,0,0,-0.01,0.01,0,-0.01,0,0,-0.01,0,1
AACUCCAGUUCUUUAUCUUCUUUCUCCGCUG,0.129,0.323,0.097,0.452,-0.01,0.04,-0.03,-0.01,0.03,0.04,-0.01,0.01,0.02,0,-0.02,0.04,0.03,0.01,-0.02,0.01,0,0.01,0.01,-0.02,-0.02,-0.02,-0.03,-0.02,-0.02,-0.03,-0.01,0.01,-0.05,0,0,-0.02,0.01,0.03,0,0.01,-0.01,0,-0.01,-0.03,0.03,0.03,-0.03,-0.01,0,-0.02,0,-0.01,-0.01,-0.01,-0.01,-0.01,-0.01,-0.01,0,-0.01,-0.02,0,-0.01,-0.01,0,0,0,-0.01,0,0.01,0.01,-0.02,0.03,0.02,0,0.01,-0.02,0.01,-0.01,0,0,0,0,0,0,0,0,0.01,1
GCGUCUGACUUCUAAUCAGAAGAUUAUGGGU,0.258,0.161,0.258,0.323,-0.01,-0.01,0.02,0.01,-0.02,-0.03,0.01,0.01,0.01,0.04,0.03,-0.01,-0.02,-0.02,-0.02,-0.03,-0.02,-0.02,-0.05,-0.03,-0.02,-0.03,0,-0.02,0,-0.03,-0.05,-0.02,-0.01,-0.01,-0.01,-0.01,-0.02,-0.02,-0.01,-0.01,0,-0.01,0.01,-0.01,0,-0.02,-0.01,-0.01,-0.02,-0.01,-0.01,-0.03,-0.02,-0.01,-0.01,-0.02,0,-0.02,-0.03,-0.02,-0.02,-0.01,-0.01,0,-0.01,-0.01,-0.01,-0.01,0.01,0,0,0,0,-0.02,0,0,-0.01,0,0,-0.01,-0.01,0,0,0,0.01,0,-0.01,0,1
UCUUCCGUGAUAGUUUAAUGGUCAGAAUGGG,0.226,0.129,0.29,0.355,-0.03,-0.02,-0.02,0,0,-0.03,0,-0.01,0.01,0,-0.01,-0.02,-0.01,-0.03,0,-0.03,-0.01,0,-0.02,-0.02,-0.02,-0.01,-0.03,0.01,-0.02,-0.02,-0.03,-0.03,-0.04,-0.02,-0.03,-0.01,-0.01,-0.01,-0.01,0,-0.01,-0.01,-0.01,-0.02,-0.02,-0.01,-0.01,-0.02,-0.01,-0.01,-0.01,-0.01,-0.01,-0.01,-0.02,-0.01,-0.01,-0.01,-0.01,-0.03,-0.02,-0.01,-0.02,0,0,0,-0.01,0.01,0,0,0,0,0,0,0.01,-0.01,-0.01,0,-0.01,0,0,0,-0.01,0,0,-0.01,-0.01,0,1
CAGAAUGGGCGCUUGUCGCGUGCCAGAUCGG,0.161,0.258,0.387,0.194,0.03,-0.01,-0.01,-0.02,0,-0.02,-0.02,-0.01,0.02,-0.01,-0.02,0.04,0,0.02,0.01,-0.02,0.01,-0.03,-0.01,-0.03,-0.04,-0.01,-0.01,0,-0.01,-0.02,-0.03,0.02,0.02,0,-0.01,0,0,-0.01,-0.03,-0.02,0,-0.01,-0.01,0.01,0,0,0.02,-0.02,0.01,-0.02,0,-0.02,-0.02,-0.01,-0.02,-0.01,-0.01,-0.01,-0.01,-0.01,0,-0.01,-0.01,0,-0.01,0,-0.02,-0.02,-0.01,0,0,0.02,0,0,0.01,0,-0.02,-0.01,-0.01,-0.01,-0.01,0,0,0,0,-0.01,-0.01,0,1
GUGCCAGAUCGGGGUUCAAUUCCCCGUCGCG,0.129,0.323,0.323,0.226,-0.02,0,-0.01,-0.02,-0.02,0,-0.01,0,0.01,0,-0.03,-0.02,-0.01,-0.02,-0.04,-0.06,-0.02,-0.02,0.03,-0.03,-0.04,0,0,-0.02,-0.01,-0.04,-0.01,-0.03,-0.02,-0.01,-0.01,-0.01,-0.02,-0.01,-0.01,0,-0.01,-0.01,0,-0.01,-0.01,-0.01,-0.02,-0.02,-0.02,-0.02,-0.01,-0.01,-0.02,-0.02,-0.01,0,-0.01,-0.02,-0.02,-0.01,-0.01,0,0,0,0,0,-0.01,-0.01,0,0,0.01,0,0,-0.01,0,-0.02,0,-0.01,-0.01,-0.01,-0.01,0,0,0,-0.01,-0.01,0,-0.01,1
AGAAAAAGCCAAUGAUGAGAUACAAGCCAUU,0.484,0.161,0.194,0.161,0.01,-0.01,-0.01,-0.01,0,0.02,0,0,-0.01,-0.01,-0.01,-0.02,-0.01,-0.03,0.01,-0.06,-0.04,-0.02,0.02,0.03,0.01,-0.01,-0.01,-0.03,-0.02,-0.03,-0.01,0.01,-0.05,-0.01,-0.01,0,0,0.01,0,0.01,-0.01,-0.01,-0.01,-0.01,-0.02,-0.01,-0.01,-0.01,-0.04,-0.01,-0.01,0.02,0.01,-0.01,-0.02,-0.01,-0.03,-0.02,-0.01,-0.01,-0.02,0,-0.01,0,0.01,0,0,0.01,-0.01,0,0,0,0,0,0.01,0,-0.01,0,0,0,0,-0.01,0,0,-0.01,0,-0.01,0.01,1
AUCGACAUAUGCUGGUUACAUGGCAGUAGAA,0.323,0.161,0.258,0.258,-0.01,-0.02,0,-0.02,0,0.01,0,-0.03,-0.01,0,-0.02,0,-0.01,0.01,0,0.01,0,0.01,-0.02,-0.02,0.02,-0.03,-0.04,-0.01,0,0.02,-0.01,-0.03,-0.03,0,-0.01,-0.01,-0.01,-0.01,0,-0.01,-0.02,-0.01,-0.02,-0.01,-0.01,-0.01,0,0,0,-0.02,-0.01,-0.02,-0.01,-0.01,-0.02,-0.02,-0.01,-0.01,0,-0.01,-0.03,0,0,0,0,-0.01,-0.01,0,-0.01,0.01,0,0,0,0,0,0,-0.02,0.01,0,0,0,0,0,0,-0.01,0,0,-0.01,1
GAAUAUACAUUCUAUUAUCGAACCUGGCCAU,0.323,0.226,0.129,0.323,0,-0.01,-0.02,0.02,0.01,-0.01,-0.03,0,-0.01,-0.02,-0.02,0.03,0.01,0.04,-0.02,-0.01,-0.01,0.02,0,0,0.01,0.03,-0.01,-0.03,0.02,0,0,-0.01,-0.05,0,0,0,0.01,-0.01,-0.01,-0.02,-0.01,-0.01,-0.02,0.01,0.04,0.01,0,0,-0.01,0,-0.01,0.01,0,0.01,0,-0.01,-0.01,-0.01,-0.01,-0.01,-0.01,0,0,0,0.01,0,0,0,-0.01,0,-0.01,0,0.04,0.01,0,0,-0.01,0,0,0,0,0.01,0,0,0,0,-0.01,0,1
GAAACAAGAUUUCUGUAGCAUACUCGCUUCA,0.323,0.226,0.161,0.29,0.01,0.02,-0.01,-0.01,-0.02,-0.03,-0.03,0.01,-0.03,-0.03,-0.02,-0.01,-0.02,0.01,0,-0.02,-0.04,-0.02,-0.01,0.03,0.01,-0.02,-0.03,0,0,0,-0.02,-0.02,0.03,-0.01,0,-0.01,-0.02,-0.02,-0.02,-0.01,-0.01,-0.01,-0.01,-0.02,-0.01,-0.02,-0.01,0,-0.04,-0.01,-0.02,0.01,0.01,0,-0.02,-0.01,0,0,0.01,-0.01,0,0,0,0,-0.02,-0.01,-0.01,0,0,0,-0.01,-0.01,-0.01,0,0,0,0,0.01,-0.01,0,0,0,-0.01,0,0,0,0.02,0,1
UACUUGUUUUCUUUUUUGUGCCUUUGUUACG,0.065,0.161,0.161,0.613,-0.01,0.01,-0.01,-0.02,-0.02,-0.01,-0.03,-0.03,0,0,-0.01,-0.01,-0.03,-0.04,-0.01,0.01,-0.01,-0.02,-0.02,0,0.02,0.01,0,-0.01,0.02,-0.01,0.01,0,-0.01,0,-0.01,-0.01,-0.02,-0.01,-0.01,-0.03,0,-0.01,0,0,-0.02,-0.03,-0.01,0,-0.01,-0.02,-0.01,-0.02,0,0,0,0,0,0,0,-0.01,-0.01,0.01,0,0,0,-0.01,0,-0.01,0.01,0,0,0,0,-0.01,0.01,0,0.01,-0.01,0,0,0.01,-0.01,0,0,0,0,0.01,-0.02,1
UUGCUUUGUGGAAGUUCGAAACUCCAAAGUA,0.29,0.161,0.226,0.323,0.01,-0.01,-0.01,-0.01,-0.02,-0.03,-0.03,0,0,-0.01,-0.03,0,-0.02,-0.04,-0.02,-0.02,0,-0.01,-0.01,-0.01,-0.03,-0.01,0,-0.02,-0.01,0,0.02,0.01,-0.01,-0.01,-0.01,0,-0.02,-0.01,-0.02,-0.02,0,-0.01,-0.01,-0.01,-0.01,-0.02,-0.01,0,0,0,-0.01,-0.01,-0.01,-0.01,-0.01,-0.01,-0.02,0,0,0,-0.01,-0.01,0,0,0,0,0,0,0,0,-0.01,0,0,-0.01,0,0,0,0,0,0,0,0,0,0,0,0,0,0.01,1
UGAGUGAUGGAAGUGUAGUUAUCCGGAGAUC,0.258,0.097,0.355,0.29,-0.01,0.01,0.03,0.01,-0.02,-0.01,-0.01,0,-0.02,0,-0.03,-0.02,-0.01,-0.04,0.05,-0.01,-0.01,-0.01,0,0,0.03,0.01,0,0,0,0,0.01,-0.01,0,0,0.01,0,0,-0.01,-0.01,0,0,-0.01,-0.01,-0.01,-0.01,-0.01,-0.01,0.02,-0.01,-0.01,-0.01,0,-0.01,0,0,-0.01,-0.01,-0.01,0,0,-0.01,0,0.01,-0.01,0,0.01,0,0,0.01,0,0,0,0,0,0.01,0,-0.01,0,0,-0.01,0,0.01,-0.01,0,0,0,0.01,0,1
AGGGUCAAAUCUUCGUUGACCGUCAAUUACA,0.29,0.226,0.194,0.29,-0.03,-0.02,0,-0.01,-0.02,-0.02,-0.02,-0.01,0,-0.02,0.01,0.01,-0.02,0,0.09,-0.02,0.01,0.02,0,-0.01,0,-0.03,0,0.03,0.02,0,0,0,0.01,-0.01,-0.01,-0.01,-0.01,-0.02,-0.03,0,-0.01,0,0,0,-0.01,-0.02,0,0,0.01,0,-0.01,-0.01,-0.01,-0.01,-0.01,0.01,0.01,0,0,-0.01,-0.01,0,0,0,-0.01,0,-0.02,0.01,0,0,-0.01,0.01,-0.01,-0.02,0,0.01,-0.02,0,0,0,-0.01,0,0,0.01,0.01,0,0,0,1
UGCAGCACAAAUUUGUAGACAGGCUGGUUUG,0.258,0.161,0.29,0.29,0,0,-0.01,-0.02,-0.04,-0.02,-0.01,-0.03,0.02,-0.01,0.01,0.02,0,-0.03,-0.04,0.01,-0.01,-0.02,-0.03,-0.01,-0.01,0,-0.02,-0.02,0,-0.01,0.01,0,-0.01,0.01,0,-0.02,-0.01,-0.02,-0.01,-0.02,-0.01,-0.01,-0.01,0.01,-0.01,0,-0.02,-0.02,-0.01,-0.02,-0.01,-0.01,-0.01,0,0,-0.01,-0.01,-0.01,0,-0.01,-0.01,0,0,-0.01,0,-0.01,0,0,-0.01,0,-0.01,0,0,0,-0.01,-0.01,0.01,-0.01,0,0,-0.01,0,0,-0.01,0,0,0.01,-0.02,1
AGGAUUACUUGGACAUUAACGGUUCUCCUAU,0.258,0.194,0.194,0.355,0.01,-0.01,-0.01,-0.01,-0.01,-0.01,0,0,0,-0.01,-0.03,-0.01,-0.01,0.02,0.01,0.03,0,0.03,0.03,-0.01,-0.01,-0.04,0.01,0.01,0,-0.01,-0.02,-0.04,0,0,-0.01,-0.01,-0.01,-0.01,-0.01,-0.01,-0.01,0,-0.01,-0.01,-0.01,-0.01,0.02,0.03,0,0.01,0.03,-0.01,-0.01,-0.02,-0.03,0,-0.01,-0.02,-0.01,-0.01,-0.01,0,0,-0.01,0,-0.01,0,0,0,0.01,0,0,0,0,0.01,0.01,0,0.01,0.01,-0.01,0,0,-0.01,0.01,0,-0.01,0,-0.01,1
UCAAGACAAAAGUGUUCUUUCAUCUGCAGUG,0.29,0.194,0.194,0.323,-0.01,-0.01,-0.03,0.03,0,-0.01,0,-0.01,-0.01,0,-0.01,-0.03,-0.04,0,-0.02,-0.06,-0.04,-0.02,-0.02,-0.03,-0.02,0.01,0,-0.03,0,0.01,-0.02,-0.01,-0.01,-0.01,-0.01,-0.01,0,-0.01,-0.01,-0.01,0,-0.01,-0.01,-0.02,-0.02,-0.04,-0.01,-0.04,-0.04,-0.02,-0.01,-0.02,0,0,-0.01,-0.01,-0.01,0.01,0,-0.01,0,0,0,0,0,0,0,0,0,-0.02,-0.02,0,0,0,0.01,-0.01,-0.01,-0.02,-0.01,-0.01,0,0,0,0,0,0,0,0,1
UUGGCGUACAGAUUGUAGUUGUGGCUGCUAC,0.161,0.161,0.323,0.355,-0.03,0,-0.01,-0.01,-0.02,-0.01,-0.01,-0.02,-0.01,-0.02,-0.03,0,-0.04,0,-0.04,-0.02,0.02,0,-0.02,-0.03,-0.01,-0.04,-0.04,-0.01,0,-0.02,-0.01,0.02,-0.01,-0.01,-0.02,-0.01,-0.02,-0.01,-0.01,-0.01,-0.02,-0.01,-0.02,-0.01,0.01,-0.04,-0.03,0,0.02,0,0,-0.01,0,-0.01,-0.03,-0.02,0,0,-0.01,-0.01,-0.02,0,0,-0.02,0,0.01,0,0,0.01,0,-0.01,0,0,0,-0.03,0.01,0,0,0.01,0,0,0,-0.02,0,0,0.01,0,-0.01,1
CUUUUUUAAUGUCCGUUUCUAUGAUUGGGCU,0.129,0.161,0.194,0.516,-0.02,0,0.01,0.01,0,-0.01,0.02,-0.01,-0.03,0,0,0.01,0.03,0.07,0.01,-0.02,0.01,-0.01,-0.05,-0.03,-0.01,0.01,-0.01,-0.02,0.01,-0.02,-0.03,-0.02,-0.01,0,0,0,0,0,0,0,-0.01,-0.01,0,0,0.02,0.03,0.01,-0.02,0.01,0.01,-0.01,-0.02,-0.01,0,0,-0.01,-0.01,0,-0.01,0,-0.02,0.01,0,-0.01,0,0,-0.01,0.01,0,-0.01,0,0,0,0.01,0.01,0,-0.02,0,0,-0.01,0,0.01,0.01,0,-0.01,-0.01,0,0,1
AUUGUUCGAAGGUAAUGCCUUGAUCAGAAGA,0.323,0.129,0.258,0.29,0.02,0,-0.03,-0.01,0.01,0,0,-0.01,-0.01,0,-0.02,0.03,0,0,-0.04,0.01,0,-0.02,-0.03,-0.03,0,-0.01,-0.04,-0.03,-0.03,0.01,0.02,0,0.01,0.01,-0.02,-0.01,-0.01,-0.01,0,-0.01,-0.01,-0.01,-0.01,0,-0.01,0,-0.01,-0.01,0,-0.01,-0.03,-0.03,-0.01,0,-0.03,-0.03,-0.02,-0.01,-0.01,0,0,-0.01,-0.01,0,-0.01,0,0,0,-0.01,0,-0.01,-0.01,0,0.01,0,-0.01,0.01,-0.01,0,-0.01,-0.01,0.01,-0.01,0,-0.01,0,0,0,1
CUGUUGGUCCUUAGUUCGAUCCUGAGUGCGA,0.129,0.226,0.29,0.355,-0.03,0,-0.03,-0.01,-0.02,0,-0.03,-0.03,0,0.03,-0.01,-0.04,-0.04,0,-0.04,-0.02,-0.04,-0.03,-0.03,0.01,0,-0.01,0.01,0.04,0.01,-0.01,-0.03,0.03,0.01,0,-0.02,-0.01,-0.02,-0.01,0,-0.03,-0.02,0.01,0,-0.02,-0.03,-0.04,-0.03,0,-0.04,-0.03,-0.02,-0.01,-0.01,-0.01,0,0,0,0,-0.01,0.01,0,-0.01,-0.01,0,0,-0.01,0.01,-0.01,-0.01,0,-0.01,0,0,0,-0.03,0.01,0,-0.01,-0.01,0,0,-0.01,0.01,0,0,-0.01,-0.01,-0.01,1
GCAGCAGAUUGCAAAUCUGUUGGUCCUUAGU,0.226,0.194,0.258,0.323,0,-0.02,-0.03,-0.03,-0.01,-0.03,0.01,0.02,-0.02,0,-0.02,-0.02,0.03,0.07,0.01,-0.02,-0.03,0.02,0.02,0.03,0.01,0.03,0.01,0.03,0,0,-0.03,-0.03,-0.02,-0.02,-0.01,-0.02,-0.02,0,0,0,-0.01,-0.01,-0.01,-0.02,0,0.03,0.01,-0.02,-0.03,-0.02,0.01,0.01,0.01,0.02,0,-0.01,0.01,0,-0.02,-0.01,-0.03,-0.01,0,0,-0.01,0,0,0.01,-0.01,0,-0.01,-0.01,0,0,0.01,0,0,-0.01,0,0.01,0,0.01,0,-0.01,0,-0.01,-0.01,0,1
UUAUCCGAUAUAGUGUAACGGCUAUCACAUC,0.29,0.226,0.161,0.323,-0.02,-0.02,0,0,-0.01,-0.02,-0.01,0,-0.01,-0.03,0,-0.01,0.01,0.04,-0.02,-0.01,-0.01,0.04,0.02,0.01,-0.01,-0.01,-0.01,-0.01,-0.01,0,0.01,0,0.03,-0.01,-0.01,0,0,0,-0.02,-0.01,-0.01,-0.02,-0.01,-0.01,-0.01,0.01,0,0,-0.01,0.01,0,0.01,0.01,-0.01,-0.01,-0.01,-0.01,-0.01,-0.01,-0.01,0,-0.01,-0.01,0,0,0.01,0,0,0,0,-0.01,0,-0.01,0.01,0,0,-0.01,0.01,0,0.01,0,0,0,0,0,0,0,0,1
CGUGGAGACCGGGGUUCGACUCCCCGUAUCG,0.129,0.323,0.355,0.194,0,-0.02,-0.01,-0.02,-0.02,-0.01,0,0,0.03,-0.01,-0.03,0,0,-0.04,0.05,-0.01,0,0.01,-0.01,-0.05,-0.01,0,-0.01,0,-0.01,0.02,-0.01,0,0,-0.02,-0.01,-0.01,-0.01,-0.01,-0.01,-0.01,-0.01,0,-0.01,-0.01,0,0,-0.01,-0.01,0,0,0,-0.03,-0.02,-0.01,-0.01,-0.01,-0.01,0,0,0,-0.01,-0.01,0,-0.01,-0.01,0.01,0,-0.01,0,0.02,-0.01,0,0,0,0.01,0,0,0.01,-0.01,-0.01,0,-0.01,-0.01,-0.01,-0.01,0,0,0,1
GGUAUGUUAUUUAUGUAACGGGUAUGCGAAC,0.258,0.097,0.29,0.355,-0.03,-0.02,-0.01,-0.01,-0.02,-0.03,0,-0.03,-0.02,-0.02,-0.02,-0.01,-0.03,-0.04,-0.04,-0.06,-0.02,-0.02,0,-0.02,-0.03,-0.05,-0.01,0,-0.02,-0.01,0,0,0,-0.02,-0.01,-0.01,-0.02,-0.02,0,-0.01,-0.01,-0.01,0,-0.01,-0.02,-0.03,-0.02,-0.02,-0.02,-0.02,-0.01,0,-0.02,-0.04,-0.01,-0.01,-0.01,-0.01,-0.01,-0.01,0,0,-0.01,0,-0.02,-0.01,0.01,0,0,0,0,0,0,-0.01,-0.01,-0.02,0,-0.01,0,0,0,-0.01,-0.01,0,0,0,0,0,1
AUUCUUUUUUUGAUGUAAUAGGAUAAGCUUG,0.258,0.065,0.194,0.484,-0.03,-0.02,0.01,0,-0.01,0.01,0.02,0.03,0.02,-0.01,0.01,0.01,0.02,0.03,0.01,0,-0.02,-0.03,-0.03,-0.02,-0.01,-0.04,-0.02,-0.02,-0.01,0.01,0,-0.01,0,-0.01,-0.01,0,-0.01,-0.01,0.01,0.02,0.02,-0.01,-0.01,0,0.01,0.02,-0.01,-0.01,-0.02,-0.01,-0.02,-0.01,-0.01,-0.02,-0.03,-0.02,-0.01,0,-0.01,-0.01,0,0,-0.01,0,-0.01,0,0,0.02,-0.01,-0.01,0,0,0.01,0.02,-0.01,0,0,0,-0.01,-0.01,-0.01,0,0,-0.01,0,-0.01,0,0,1
CUGUUCUUUUCAGUGUAACAACUGAAAUGAC,0.29,0.194,0.161,0.355,-0.02,-0.01,-0.02,-0.02,-0.03,-0.03,-0.02,-0.02,-0.02,-0.02,-0.03,-0.02,0,0.07,-0.04,0.01,-0.01,-0.01,0,0,0.01,-0.01,0.01,-0.02,0,-0.03,-0.05,0,0,-0.01,-0.01,-0.01,-0.01,-0.02,-0.02,-0.02,-0.01,-0.01,-0.02,-0.01,-0.01,0,0.01,-0.02,-0.01,-0.01,-0.01,0,0,0,-0.01,0.01,0,-0.02,-0.03,-0.01,-0.01,-0.01,0,0,0,0,0,0,0,0,-0.01,-0.01,0,0,0.02,-0.01,-0.01,0,0,-0.01,0,0.01,0,0,0.01,0,-0.01,0,1
UGUAGUAUCUGUUCUUUUCAGUGUAACAACU,0.226,0.161,0.161,0.452,-0.01,0.01,-0.01,0,-0.02,0,0,0.01,0.02,0,-0.02,-0.02,-0.01,0,0.01,0.01,0,0,-0.01,-0.03,-0.02,0,0,-0.02,-0.01,-0.02,-0.03,-0.02,0,-0.01,-0.01,0.01,0,-0.01,-0.02,0,0.01,0,-0.01,0,-0.01,-0.01,-0.01,0.01,0,-0.01,-0.01,-0.02,-0.01,-0.01,0,-0.02,-0.02,-0.01,-0.01,-0.02,-0.02,0,0,0.01,0,0,0,0,0.01,0.01,0.01,0.01,-0.01,0,0,0,-0.01,-0.01,-0.01,-0.01,0,0,0,0,-0.01,0,-0.01,-0.01,1
GUGUAGUAUCUGUUCUUUUCAGUGUAACAAC,0.226,0.161,0.194,0.419,-0.03,-0.02,0,0.01,-0.01,-0.01,-0.01,-0.01,0,-0.02,-0.01,-0.01,-0.03,-0.04,0.01,-0.02,-0.01,-0.03,-0.03,-0.03,-0.01,-0.01,-0.02,-0.02,0,-0.03,-0.03,-0.03,0.02,-0.02,-0.01,0,-0.01,0,-0.01,0,-0.02,-0.01,-0.01,-0.01,-0.02,-0.03,-0.01,-0.02,-0.01,-0.03,-0.01,-0.03,0,-0.01,-0.02,-0.01,-0.01,-0.01,-0.02,-0.01,-0.01,0,-0.01,0,0,0,-0.01,0.01,-0.01,0,0,0,0,-0.01,0,0,0.01,-0.01,0,-0.01,0,0,0,0,0,-0.01,-0.01,-0.01,1
AAGUGUAGUAUCUGUUCUUUUCAGUGUAACA,0.258,0.129,0.194,0.419,-0.01,-0.01,-0.01,0.01,-0.01,-0.01,-0.03,-0.03,-0.01,0,-0.02,-0.01,-0.01,-0.02,-0.01,0,-0.01,-0.01,-0.02,-0.02,0,0.01,-0.01,-0.02,0,-0.03,-0.05,-0.02,-0.03,-0.01,-0.01,-0.01,-0.01,-0.01,-0.01,-0.01,-0.01,0,-0.02,-0.01,-0.01,-0.01,-0.01,0,-0.01,-0.01,-0.01,-0.02,-0.01,-0.01,-0.01,-0.01,-0.02,-0.01,-0.02,-0.02,-0.02,0,-0.01,0,0,0,0,0,-0.01,0,0,-0.01,0,0,-0.01,-0.01,-0.01,0,0,0,-0.01,0,-0.01,0,-0.01,0,0,0,1
CAAGUGUAGUAUCUGUUCUUUUCAGUGUAAC,0.226,0.161,0.194,0.419,-0.02,-0.01,-0.01,-0.02,-0.01,-0.02,0,0,-0.02,-0.02,0.01,0,-0.02,-0.03,-0.02,-0.06,-0.02,-0.01,0,0,-0.02,0.01,-0.01,0.01,0.01,0.01,0,-0.01,0.02,-0.01,-0.01,-0.01,-0.01,-0.02,-0.01,-0.01,-0.01,-0.01,-0.01,-0.01,-0.01,-0.02,-0.02,-0.04,-0.02,-0.01,-0.01,0,-0.01,0.01,0,-0.01,0,0,-0.01,-0.01,-0.01,0,-0.01,0,-0.01,-0.01,0,0,-0.01,0,-0.01,0,0,-0.01,0,-0.01,0,0,-0.01,0.01,0,0,0.01,-0.01,0.01,0,-0.01,0,1
AUCAAGUGUAGUAUCUGUUCUUUUCAGUGUA,0.226,0.129,0.194,0.452,0,-0.01,-0.02,-0.02,0,-0.03,-0.03,0,-0.02,-0.02,0.01,-0.03,-0.02,-0.04,-0.04,0.03,0.01,-0.02,-0.03,-0.03,-0.01,-0.01,-0.01,0,0.01,-0.02,-0.02,-0.03,-0.01,-0.01,-0.01,-0.02,0,-0.02,-0.01,-0.01,0,-0.01,-0.01,0,0,-0.02,-0.02,-0.01,0.01,0,-0.03,-0.03,-0.01,-0.01,0,-0.02,0.01,0,-0.03,0,0,0,0,0,0.01,-0.01,0,0,-0.01,-0.01,-0.01,0,0,-0.01,-0.01,0,0,-0.01,0,-0.01,-0.01,0,0.01,-0.01,0,-0.01,-0.02,0.01,1
UCAUUGUUCUUGGAUUUCAAUGGGUGCUGUC,0.129,0.161,0.258,0.452,-0.01,0.01,0,-0.02,0,-0.01,-0.02,-0.02,-0.02,-0.02,-0.02,0.04,0,0,-0.04,-0.02,0,0.04,0.01,-0.01,0,0,0,0,-0.04,-0.03,0,0.01,-0.03,-0.01,0.01,-0.01,-0.01,-0.01,-0.01,-0.01,-0.02,-0.01,-0.01,-0.03,0,0,-0.03,0,0,-0.01,0.01,-0.01,-0.01,-0.01,-0.01,-0.01,-0.01,-0.01,-0.01,0,-0.01,0,0.01,-0.01,0,0,0,0,0,0,0,-0.02,0,0,-0.03,0.01,0,-0.01,0,0,-0.01,0,0,0,0,0,0,0.01,1
UAAAUUUCGCCACUGUAGAUGAAGAAGACGA,0.387,0.161,0.226,0.226,0.03,0.01,-0.03,-0.02,-0.04,-0.03,0,-0.01,0,-0.02,-0.01,-0.03,0,0.02,0.01,0.09,0.01,-0.01,-0.01,-0.02,-0.04,-0.02,-0.03,-0.02,-0.01,-0.01,0,0,-0.03,-0.01,0,-0.02,-0.03,-0.02,-0.02,-0.01,-0.01,0.01,-0.01,-0.02,-0.02,0,0.02,0.01,0.01,0,-0.01,-0.01,-0.01,-0.01,-0.02,-0.01,-0.01,0,-0.01,-0.01,-0.01,0,0,0,-0.02,0,-0.01,0,0.01,0,-0.01,0.01,0,-0.01,0.01,0.01,0.01,0,-0.01,-0.01,0,0,-0.01,-0.01,0,0,0,0,1
AAAAUGAGAAGAGUGUAGAUGUAUUAUCCUU,0.387,0.065,0.226,0.323,0,-0.02,0.03,0.01,-0.02,0,0,0,-0.04,-0.01,0,0,-0.02,0.01,0.09,0.03,0.01,0.01,-0.01,-0.03,-0.04,-0.01,0.01,0.03,0.02,0.04,0.02,-0.02,-0.01,-0.01,-0.01,0.01,-0.01,-0.01,-0.02,0,-0.01,-0.02,-0.01,0,-0.01,-0.02,0.03,-0.01,0.01,0.01,0.01,-0.02,-0.03,-0.01,-0.01,0.01,0.01,0.01,0.01,-0.01,-0.01,0,0,0,0.01,0,0,0.01,-0.01,0,-0.01,-0.01,-0.01,0,0,0,0,0,-0.01,0,-0.01,0,0,0.01,0,0.01,-0.01,0,1
CCAAGAUAGACUAUGUAAUGGUAAAGAACAU,0.452,0.129,0.194,0.226,-0.03,-0.04,-0.02,0.01,0.03,-0.01,-0.01,0.01,-0.02,-0.02,-0.03,-0.04,0.03,0,-0.04,-0.02,-0.04,-0.03,-0.02,0.02,-0.02,0,0,-0.02,0.02,0.02,-0.01,0,0,-0.02,-0.02,0,0.02,-0.01,-0.01,0,-0.02,-0.01,-0.01,-0.02,-0.02,0.03,-0.03,0,-0.04,0,-0.01,-0.02,0,-0.01,-0.01,0,-0.01,0.01,0,-0.01,-0.01,-0.01,-0.01,-0.01,0.02,-0.01,0,0,0,0,0,0,0,0,-0.03,0.01,0,0,-0.01,0,-0.01,0,-0.01,0,-0.01,0.01,0,0,1
AUGGCGGCGGGUGCCUUUGGAGCAGCAAUCG,0.161,0.226,0.419,0.194,0.02,0,-0.03,-0.02,-0.03,-0.03,-0.03,-0.02,-0.04,-0.02,-0.01,-0.02,0,0.01,0.09,-0.02,-0.03,-0.02,0,-0.02,-0.03,-0.03,-0.01,0,-0.02,-0.02,-0.03,0,-0.02,0,-0.01,-0.01,-0.02,-0.02,-0.02,-0.03,-0.02,-0.03,-0.01,-0.01,-0.01,0,0.03,0,-0.03,-0.01,-0.01,-0.01,-0.02,-0.01,-0.01,0.01,-0.01,-0.01,-0.01,-0.01,-0.01,-0.01,0,-0.01,-0.02,0,0,0,-0.01,-0.01,0,-0.01,-0.01,0,0,0.01,0,-0.01,0,0,0,0,0,0,0,0,0,0,1
AUGGUGUGGUCACUGUAAGAGAUUGGCCCCA,0.226,0.194,0.323,0.258,-0.01,-0.02,-0.01,0,0.01,0,0.02,0,-0.01,-0.01,-0.03,-0.01,-0.02,-0.03,0.03,0,-0.01,-0.01,-0.01,0.02,-0.03,-0.05,-0.05,-0.01,-0.01,0.03,0.02,0.02,-0.01,-0.01,-0.01,-0.01,0,-0.01,0,-0.01,-0.01,-0.01,-0.01,-0.01,-0.01,-0.02,-0.01,0,-0.01,-0.01,-0.01,-0.01,0,-0.01,-0.02,-0.01,-0.01,-0.01,-0.01,0.02,-0.02,0,-0.01,0,0,0,0,0,0,0,-0.01,0,0,-0.01,-0.01,0,-0.01,0,0,-0.01,0,0,-0.01,-0.01,0,0,0,-0.01,1
CCAUGGACGAGCCUGUAGUAUACAACGGUAA,0.323,0.226,0.258,0.194,-0.02,-0.04,-0.02,-0.01,-0.06,-0.02,-0.01,-0.01,0.01,-0.01,0,0,0.01,0.04,-0.02,-0.01,-0.01,-0.03,-0.04,-0.02,-0.02,-0.03,-0.04,-0.02,0,-0.03,0,-0.02,0.01,-0.01,-0.02,-0.01,-0.03,-0.03,-0.02,0,0,-0.01,-0.01,0,0,0.01,0,0,-0.01,-0.01,-0.03,-0.03,0,-0.02,-0.01,-0.01,-0.02,-0.01,-0.02,-0.01,0,-0.01,-0.01,0,0,-0.01,0,-0.01,0,0,0,0,0,0.01,0,0,-0.01,0,-0.02,0,0,0,-0.01,0,-0.01,0,-0.02,0,1
ACAAAGGUCUUCCUAUGAUUCCGGCGUUCGU,0.194,0.258,0.226,0.323,-0.02,0,0,0.02,0,-0.01,-0.01,0,-0.03,-0.02,-0.01,-0.01,-0.01,-0.02,-0.04,0.03,0.01,-0.02,-0.05,-0.03,-0.02,-0.01,-0.04,-0.03,-0.03,-0.04,-0.01,-0.03,-0.03,-0.01,0,0.01,-0.01,0,-0.02,-0.01,-0.01,-0.02,-0.01,-0.01,-0.01,-0.01,-0.01,-0.01,0.01,-0.02,-0.03,-0.03,-0.02,-0.01,-0.01,-0.03,-0.02,-0.03,-0.02,-0.01,-0.03,0,0,0,0,0.01,0,0,0,0,0,-0.01,0,-0.01,-0.01,0,0.02,0,0,-0.01,-0.01,0,0,0,-0.01,0,0,-0.01,1
CUUUCUCAUACCCUGUAGACCAGACCUCUCU,0.194,0.387,0.097,0.323,-0.02,-0.01,-0.01,0,-0.06,0.01,-0.01,0.02,-0.03,0.01,-0.01,-0.03,0,0.02,-0.04,0.01,0,-0.01,-0.01,0.02,0,0.01,-0.01,0.01,0,0.02,-0.02,-0.01,-0.01,-0.01,-0.01,0,-0.01,-0.01,-0.01,-0.01,-0.01,-0.01,0.01,-0.02,-0.02,0,-0.02,0,0,-0.01,-0.01,-0.01,-0.01,0,0,0,0.01,-0.01,-0.01,-0.01,-0.01,0,-0.01,0.01,0,-0.01,-0.01,0,0,-0.01,0,0.01,0,-0.01,0,0,0.03,-0.01,0,0,0,0,0,0,0,0.01,-0.01,0,1
AGAAUACUUUGAAGGUUUAACCGAGGAAAUG,0.387,0.097,0.258,0.258,-0.01,0,0.01,-0.01,-0.02,-0.03,0.01,0.01,-0.02,-0.01,-0.03,-0.01,0.01,0,-0.04,-0.02,0.02,-0.02,-0.02,-0.01,0,-0.03,0,0,-0.01,0,-0.01,-0.01,-0.05,0,0,-0.01,-0.01,-0.02,0,0.01,-0.02,-0.01,-0.01,-0.02,0,0.01,-0.03,0,0.02,-0.01,-0.01,-0.01,-0.01,0,-0.02,-0.01,-0.02,-0.01,-0.01,-0.01,-0.01,0,0,-0.01,-0.01,-0.01,0,0.01,0,0,0,0,0,-0.01,-0.03,0.01,0,0,0,0,-0.01,0,-0.02,-0.02,-0.01,0,-0.01,0,1
CGUGGAGACCGGGGUUCGACUCCCCGUAUCG,0.129,0.323,0.355,0.194,-0.01,0.01,0.02,0,0,0,0,-0.01,-0.02,0.02,-0.02,-0.01,0,0,0,-0.01,-0.01,0,0,-0.02,-0.03,-0.05,-0.05,-0.01,-0.01,-0.02,-0.01,-0.04,-0.01,-0.01,0.01,0.01,-0.01,0,-0.01,-0.01,-0.01,-0.01,-0.01,-0.01,-0.01,0,-0.01,-0.01,-0.01,-0.01,-0.01,-0.01,-0.02,-0.04,-0.02,-0.02,-0.02,-0.02,-0.01,-0.02,-0.01,-0.01,0,0,0,0,0,-0.01,0,0,0,0,0,0.01,0,0,-0.01,0,0,-0.01,0,-0.01,-0.01,-0.02,0,-0.01,0,0,1
UUAUCCGAUAUAGUGUAACGGCUAUCACAUC,0.29,0.226,0.161,0.323,0.01,0.02,-0.02,-0.01,-0.06,-0.02,-0.01,-0.03,0.02,0,-0.01,-0.02,0.01,0.04,-0.02,-0.01,-0.01,-0.01,-0.02,-0.03,-0.01,-0.04,-0.02,-0.02,-0.01,0,-0.01,-0.01,0,0,-0.01,-0.01,-0.03,-0.03,0,-0.02,-0.01,0,-0.01,-0.02,-0.03,0.01,0,0,-0.01,-0.01,-0.01,-0.02,-0.01,-0.02,-0.03,-0.01,-0.02,-0.01,-0.01,-0.01,0,-0.01,0,0,0,-0.01,0.01,0,-0.01,0,-0.02,0,-0.03,0.01,0,0,-0.01,-0.01,-0.01,-0.01,-0.01,0,0,-0.01,0,0,0,0,1
GGACACUUCUGAUGUUUCAAAAGAUAUUCCA,0.323,0.194,0.161,0.323,0,-0.01,0,0,-0.06,0.01,0,0.01,-0.01,0,-0.01,-0.01,-0.02,-0.02,-0.04,-0.02,-0.01,-0.03,0,-0.01,0,-0.03,-0.01,-0.03,-0.01,-0.03,0,-0.03,-0.03,0,0,-0.01,-0.01,-0.01,0.01,0,0,-0.01,-0.01,-0.01,-0.01,-0.02,-0.02,-0.01,-0.01,-0.03,-0.01,-0.01,-0.01,0,-0.01,-0.01,-0.01,-0.02,-0.01,-0.01,-0.03,0,0.01,0,-0.01,-0.01,0.01,0,-0.01,0,0,0,0,-0.02,0,0,0.01,-0.01,0,0,0,0,0,-0.01,0,-0.01,0,0,1
UAACUGUGGGAAUACUCAGGUAUCGUAAGAU,0.323,0.129,0.258,0.29,0,-0.02,-0.03,-0.02,-0.04,-0.02,-0.02,-0.03,-0.01,-0.01,-0.01,-0.03,0,0.02,0.01,0.09,0.01,0.03,0,-0.01,0,0.01,-0.02,-0.02,-0.01,0.01,0,0.02,0.01,-0.01,-0.02,-0.02,-0.03,-0.02,-0.01,-0.01,-0.01,-0.01,-0.01,-0.02,-0.02,0,0.02,0.01,0.01,0,-0.01,-0.01,0,-0.01,0,-0.01,-0.02,0,0.01,0.01,-0.01,0,0,0,-0.02,-0.01,0,0,0,-0.01,-0.01,0.01,0,-0.01,0.01,0.01,0.01,-0.01,0,0,-0.01,0,0,-0.01,0,0,0.01,0.01,1
GUAAGAUGCAAGAGUUCGAAUCUCUUAGCAA,0.355,0.161,0.226,0.258,0,-0.02,-0.01,-0.02,-0.01,0,-0.02,0.03,0.01,0,0,-0.02,-0.03,-0.04,-0.01,0.01,-0.01,-0.01,-0.02,-0.01,-0.01,-0.04,0.01,-0.03,-0.02,0.01,-0.01,0.01,-0.01,-0.01,-0.01,-0.01,-0.01,0,-0.02,-0.01,0,0.01,-0.01,-0.01,-0.01,-0.03,-0.01,-0.01,-0.01,-0.01,-0.01,-0.01,-0.01,-0.02,-0.03,-0.01,-0.03,0,0,-0.01,-0.02,-0.01,-0.01,0,-0.01,-0.01,-0.01,0,0,0.01,0,0,0,-0.01,0.01,0,0,0,0,0,0,0,-0.01,-0.01,-0.01,0.01,0,0.01,1
ACAAUUUUCACAGUUUAAGGCCAAGAACAAG,0.419,0.194,0.161,0.226,0.02,0,0.02,0.02,-0.01,-0.02,-0.01,-0.01,-0.02,-0.01,-0.02,-0.02,0.01,0.01,-0.01,0.01,-0.01,-0.02,-0.03,-0.03,-0.03,0.03,-0.03,-0.01,-0.01,-0.03,-0.02,0,0.01,0.01,0.01,-0.01,0,-0.02,-0.01,-0.01,0,0,-0.01,-0.02,0,0.01,0,0,-0.01,-0.01,-0.03,-0.03,-0.01,-0.02,-0.02,-0.02,-0.01,-0.01,-0.01,-0.01,0,-0.01,-0.01,0.01,-0.01,-0.01,0,-0.01,0,0,0,-0.01,0,0.01,0,0,0.01,-0.01,0,-0.01,-0.01,0,-0.01,0,0,-0.01,-0.01,0,1
GCCCGUUUACACAUUUUGAUACAACCGUAGA,0.29,0.258,0.161,0.29,0.01,-0.01,-0.01,0.01,-0.03,-0.03,0.01,-0.01,0,-0.01,-0.02,-0.01,-0.04,0,-0.04,-0.02,0,0.04,0.02,-0.02,-0.03,-0.01,-0.02,-0.01,-0.03,-0.04,0.01,-0.02,-0.05,-0.01,-0.01,-0.01,-0.01,-0.02,-0.01,0,-0.01,-0.01,-0.01,-0.02,0,-0.04,-0.03,0,0,-0.01,0.03,-0.02,-0.02,-0.01,-0.02,-0.01,-0.01,-0.03,-0.01,-0.01,-0.01,0,0,-0.01,0,0,-0.01,0.01,0.01,0,-0.01,-0.01,0,0,-0.03,0.01,0,-0.01,0,-0.01,0,0,0,0,-0.01,0,-0.01,0,1
CGGGAGGUCCCGGGUUCGAGUCCCGGCUCGC,0.065,0.355,0.419,0.161,-0.03,-0.02,-0.01,-0.01,0.01,-0.03,-0.03,-0.02,-0.01,0,-0.01,-0.03,-0.04,0,-0.04,-0.02,-0.03,-0.01,-0.01,-0.05,-0.01,0,-0.01,0,-0.01,-0.03,-0.01,-0.03,-0.04,0,0,-0.01,-0.01,-0.01,-0.02,-0.03,-0.02,-0.01,-0.01,-0.02,-0.02,-0.04,-0.03,-0.03,-0.03,-0.02,-0.02,-0.03,-0.01,-0.01,-0.01,-0.01,-0.02,-0.01,-0.02,-0.01,-0.02,-0.01,0.01,0,-0.01,0,-0.01,0,0.01,-0.02,-0.02,0,0,0,-0.03,0,-0.02,0,-0.02,-0.01,0,0,-0.01,-0.01,-0.01,-0.01,-0.01,0,1
GAUUCUCGCUUAGGGUGCGGGAGGUCCCGGG,0.097,0.226,0.452,0.226,-0.01,0.01,-0.01,0.01,0,0,-0.02,-0.02,-0.02,0,0,0.02,0,0.01,0.09,-0.02,0.01,-0.03,0,0,-0.02,-0.04,0.01,0.01,-0.01,-0.01,0,-0.01,-0.03,-0.02,-0.01,-0.01,-0.01,0,-0.02,-0.01,-0.02,-0.01,-0.02,0.01,-0.01,0,0.03,0,0.01,-0.02,-0.02,-0.02,-0.01,-0.02,-0.03,0,-0.01,-0.01,-0.01,-0.01,-0.01,-0.01,0,0,0,0.01,0,0,0,0,0,-0.01,-0.01,0.01,0,0.01,-0.02,-0.01,-0.02,0,0,-0.01,-0.01,0.01,-0.01,-0.01,0,0,1
GCGUGCGACUGUUAAUCGCAAGAUCGUGAGU,0.226,0.194,0.323,0.258,-0.01,-0.01,-0.01,0.01,0,0.01,-0.01,-0.02,0,0,-0.01,-0.01,-0.01,-0.03,-0.02,0.09,0.03,-0.01,-0.02,-0.02,0,-0.03,0,0.01,-0.02,-0.02,-0.01,-0.01,0.02,-0.01,-0.01,0,0,-0.01,-0.01,-0.01,-0.01,0.01,-0.01,-0.01,-0.01,-0.01,-0.02,-0.01,0.03,-0.01,-0.01,-0.01,0,-0.01,0,0,-0.01,-0.02,-0.01,-0.01,-0.01,-0.01,0,0,0.01,-0.01,0,0,0,0,0,0,0,-0.01,0,0,-0.01,0,-0.01,0,0.01,0,0.01,-0.01,0,0,-0.01,-0.01,1
CGCAAGAUCGUGAGUUCAACCCUCACUGGGG,0.226,0.29,0.29,0.194,0.03,0.02,-0.02,0.01,0.02,-0.01,-0.04,-0.01,0.01,0,-0.01,-0.01,-0.04,0,-0.04,-0.02,0,-0.03,0,0,-0.02,-0.04,0.02,0.03,-0.01,-0.03,-0.03,-0.01,-0.01,0.01,-0.01,0,0.01,-0.01,-0.01,-0.02,-0.01,-0.01,-0.01,0.01,0,-0.04,-0.03,0,0,0,-0.02,-0.02,-0.01,-0.02,-0.01,-0.01,-0.01,-0.01,-0.01,-0.01,-0.01,0,0,0,0.01,0,-0.01,-0.01,0,0,0,0,0,0,-0.03,0.01,0,0,-0.02,0,0,-0.01,0,-0.01,0,0,0,0,1
CGUUGGGCCCCCGGUUCGAUUCCGGGCUUGC,0.032,0.355,0.355,0.258,0,-0.02,-0.03,-0.01,-0.03,-0.01,0,-0.01,0,-0.01,-0.02,0.04,0,0,-0.04,-0.02,0,-0.01,-0.05,-0.02,-0.02,-0.01,0.02,0.01,0,0,-0.03,-0.03,-0.05,-0.01,-0.02,-0.01,-0.01,-0.01,-0.01,-0.01,-0.02,0,-0.01,0.01,0,0,-0.03,0,0,-0.01,-0.01,0,-0.01,-0.01,0.01,-0.01,0,0,-0.02,-0.01,-0.01,0,0,0,0,0,-0.01,0,-0.01,0,0,0.02,0,0,-0.03,0.01,0,0,0,0,0,0,0.02,-0.01,-0.01,-0.01,-0.01,0,1
UGGUAAAAUCCAACGUUGCCAUCGUUGGGCC,0.226,0.258,0.258,0.258,0.01,0.01,0.01,-0.01,0,-0.03,-0.03,-0.01,-0.01,-0.03,-0.03,-0.02,-0.01,-0.03,0.01,-0.02,-0.03,0.02,0.03,-0.03,0,-0.03,-0.05,-0.01,-0.02,-0.03,0,-0.02,0,0.01,0,0,-0.01,-0.01,-0.02,-0.01,0,-0.02,-0.01,-0.01,-0.01,-0.01,-0.01,-0.02,-0.03,-0.02,0,-0.01,0,-0.01,-0.01,-0.02,0,-0.01,-0.02,-0.01,-0.02,0,0.02,0.01,0,0,0,0,0,0,0,0,0,-0.01,0.01,0,0,-0.01,-0.01,-0.01,0,0,0,-0.01,-0.01,0,-0.02,0,1
CUAGCGCAAGUGGUUUAGUGGUAAAAUCCAA,0.323,0.161,0.258,0.258,-0.01,0,-0.01,-0.01,-0.02,-0.02,-0.03,0,0.02,0,-0.03,-0.01,-0.03,-0.04,0.05,0.01,-0.02,-0.01,-0.01,0.01,-0.03,0.01,-0.03,-0.02,-0.01,0,-0.01,-0.02,-0.03,-0.01,-0.02,-0.01,-0.02,-0.01,-0.01,-0.01,-0.01,0.01,-0.01,-0.01,-0.01,-0.03,-0.01,0.02,-0.02,-0.01,-0.01,-0.01,0,0,0,-0.01,-0.02,-0.01,-0.01,-0.01,-0.02,0,0,-0.02,0,0,0,0,0,0.02,0,0,0,-0.01,0.01,0,0,0,0,-0.01,0,0.01,0,0.01,-0.01,0,0,0,1
GGCUGUGUUCUUCUUUCUAAAUUCCCUAUCG,0.129,0.258,0.161,0.452,0.01,0.01,-0.03,-0.01,0,-0.01,-0.01,0,-0.01,-0.01,0.01,0.06,0.03,0,-0.04,-0.02,-0.03,-0.01,-0.01,-0.05,-0.04,-0.03,-0.03,-0.02,0.01,0.01,-0.03,-0.03,-0.02,0.01,-0.01,-0.02,0,-0.01,-0.01,-0.01,-0.01,-0.01,-0.01,0.01,0.02,0.03,-0.03,-0.03,-0.03,-0.02,-0.02,-0.03,-0.01,-0.02,0,-0.01,-0.01,0,-0.01,-0.01,-0.03,0,-0.01,-0.01,0.01,0,-0.01,0,-0.01,0,0,0,0,0,-0.03,0,-0.02,0,-0.02,-0.01,-0.01,0,0,0.01,0,-0.01,0,0,1
GGAAAAACCCGUUGCUAGAAGCGCAACUGGU,0.323,0.226,0.29,0.161,-0.02,-0.01,-0.01,-0.01,-0.06,-0.02,-0.01,-0.02,-0.03,-0.02,-0.03,-0.01,-0.01,0.02,-0.04,0.01,0,0.03,0,-0.01,-0.01,-0.04,0.01,-0.03,-0.01,-0.02,0,-0.02,-0.01,-0.01,-0.01,-0.01,-0.01,-0.03,-0.02,-0.01,-0.02,-0.02,-0.01,-0.02,-0.01,-0.01,-0.02,0,0,-0.01,-0.01,-0.01,-0.01,-0.02,-0.03,-0.01,-0.01,-0.02,-0.01,-0.01,-0.01,0,0,0,0,-0.01,0,0,0,0,0,0,0,0,0,0,0.03,-0.01,0,0,0,0,-0.01,-0.01,0,-0.01,-0.01,0,1
GAAAAAAGUUCAGAAUUGCAGAAAAGUGGUG,0.452,0.065,0.29,0.194,0,0,0,-0.02,0,0,-0.02,0.01,-0.01,0,0.04,-0.02,0,-0.03,-0.02,-0.06,-0.01,-0.02,-0.02,0,0.01,-0.02,0.02,-0.01,-0.01,-0.04,0.03,-0.03,0.02,-0.01,0,-0.01,-0.01,0,-0.02,-0.01,-0.01,-0.01,0.01,0,-0.01,0,-0.02,-0.04,-0.01,-0.01,-0.02,-0.02,-0.01,0,0,0,-0.01,-0.02,0,0.01,0.01,0,0.01,0,0,0.01,0,0,0,0,0,0,0,0,0,-0.01,0,-0.01,0,0,-0.01,0,0.02,0.01,-0.01,-0.01,0,0.01,1
AGUGGUUUCCUAGUGUAUCAGCCACUAUCGG,0.194,0.226,0.258,0.323,-0.01,-0.02,-0.01,-0.02,0.03,-0.01,-0.02,-0.02,-0.02,-0.04,-0.03,-0.04,0.03,0.02,0,-0.02,-0.04,-0.02,-0.01,-0.03,-0.04,-0.03,0,0,-0.01,-0.03,0,-0.03,-0.03,-0.01,-0.01,0,-0.01,-0.01,-0.01,-0.01,-0.02,-0.01,-0.01,-0.02,-0.02,0.03,0,-0.01,-0.04,-0.01,-0.02,-0.02,-0.03,-0.02,-0.02,-0.01,-0.02,-0.01,0,-0.01,-0.03,0.01,-0.01,-0.01,0,-0.01,-0.01,0,-0.01,0,0,0,0,0.03,0,-0.01,0,0.01,-0.01,0,-0.01,0,-0.02,-0.02,-0.01,-0.01,0,0,1
CAUAAGGUUAGGGGUUCGAGCCCCCUACAGG,0.226,0.258,0.323,0.194,-0.01,-0.01,-0.01,0,-0.01,-0.01,-0.01,-0.01,0.01,-0.01,-0.02,0.04,0,0,-0.04,-0.02,-0.04,-0.02,-0.01,-0.02,-0.02,-0.04,-0.01,-0.02,0,-0.01,-0.02,-0.03,0.02,0,-0.01,-0.01,0,-0.01,0,-0.01,-0.01,0,-0.01,0.01,0,0,-0.03,0,-0.04,-0.01,-0.01,-0.02,-0.02,-0.03,-0.01,-0.01,0.01,-0.02,-0.01,-0.01,-0.01,-0.01,0,0,0,0,0,0,-0.01,0.01,0,0.02,0,0,-0.03,0.01,0,0.01,0,0,0,0,0,0,0,-0.01,-0.01,-0.01,1
GCAAUCGGUAGCGCGUAUGACUCUUAAUCAU,0.258,0.226,0.226,0.29,-0.01,0.01,0.01,-0.01,-0.02,-0.02,-0.02,-0.01,0.02,0.02,0.01,-0.01,-0.01,0,0.03,-0.03,-0.02,-0.02,-0.02,-0.01,-0.01,0.01,0.01,0.01,-0.02,-0.03,-0.05,-0.02,-0.01,-0.02,0,-0.01,-0.01,-0.02,-0.03,-0.02,0,0.02,-0.01,-0.01,-0.01,-0.01,0,0,-0.02,-0.01,-0.02,-0.01,-0.01,-0.01,0,-0.01,-0.01,-0.01,-0.02,-0.02,-0.02,-0.01,0.02,-0.01,-0.01,0,-0.02,-0.02,-0.01,-0.01,0,-0.01,0,0,0,0,0,-0.01,0,0,0,-0.01,0,0,0,0,0,0,1
AAACAAAAGAAGCUGUUCCAGAGAGCCCAAG,0.452,0.226,0.226,0.097,-0.01,-0.02,-0.01,-0.02,0.01,0,0,0,0.03,-0.01,-0.01,0,-0.04,0,-0.04,-0.02,0,-0.01,0.03,-0.01,-0.02,-0.03,-0.05,-0.01,-0.01,-0.03,-0.01,0.03,0.03,-0.01,-0.01,-0.01,0,0,-0.01,0,-0.01,0,-0.02,0,0.01,-0.04,-0.03,0,0,-0.01,0.01,0,-0.01,-0.01,-0.02,-0.02,-0.01,-0.01,-0.02,-0.01,0.01,0,0,0,0,0.01,0,0,0,0.02,-0.01,0,0,0,-0.03,0.01,0,0,0.01,0.01,0,0,0,-0.01,0,-0.01,-0.01,0,1
CCGGACAACCCCGGUUCGAAUCCGGGUAGGA,0.226,0.323,0.323,0.129,-0.03,-0.02,0.02,0.01,0.01,-0.03,-0.04,-0.01,0.02,-0.01,0.01,0.06,0,0.01,0.01,0,0.02,-0.03,-0.04,-0.02,-0.02,0.01,0.03,0.01,0,0.01,0.02,-0.02,-0.02,-0.02,0.01,0,0,-0.01,-0.02,-0.02,0,-0.01,0.01,0.01,0.02,0,0.02,-0.01,0.02,0,-0.03,-0.03,-0.01,-0.01,0,0.01,-0.02,-0.01,0,0,-0.01,-0.01,0,-0.01,0.01,0,-0.01,-0.01,-0.01,0,0,0,0.02,0.01,-0.01,0,0,0.01,-0.02,0,-0.01,0.01,0.01,-0.01,-0.01,0,0.01,-0.01,1
CACUUUCGGUUUUGAUCCGGACAACCCCGGU,0.161,0.323,0.226,0.29,0.02,0.02,-0.02,0,0.01,-0.03,0,0.01,-0.01,-0.01,-0.01,-0.04,0,0.01,0,0.01,0,-0.01,-0.01,-0.05,0,-0.01,0.01,0.02,-0.01,-0.03,-0.03,-0.02,-0.01,0.01,-0.01,-0.01,0.01,-0.01,-0.02,0,0,-0.01,0,-0.02,-0.01,0,-0.01,0,0,-0.01,-0.01,-0.01,-0.01,-0.01,0,0,0.01,-0.01,-0.02,-0.01,-0.02,0,0,0,-0.01,0,-0.01,0,0.01,0,0.01,-0.01,-0.01,0.01,0,0,0.01,0,-0.01,0,0,-0.01,-0.01,0,0,-0.01,-0.01,0,1
GGUUAUCACUUUCGGUUUUGAUCCGGACAAC,0.194,0.226,0.226,0.355,0.02,0.02,0.01,-0.01,-0.02,-0.03,-0.04,0.01,-0.01,-0.02,0,0,0,-0.04,0,-0.02,0,0,-0.01,-0.03,-0.04,0,0,-0.01,-0.04,-0.01,0,-0.02,-0.01,0,0.01,-0.01,-0.01,-0.01,-0.02,0,-0.01,-0.01,-0.01,-0.01,0,0,-0.01,-0.01,0,-0.01,-0.01,-0.01,-0.03,-0.01,0,-0.01,-0.01,-0.01,0,-0.02,-0.01,0,0.02,-0.01,0,0,-0.01,0,0,-0.01,0,0,0,0,0,-0.01,0,0,-0.01,0,-0.01,-0.01,0,0,-0.01,0,0.01,-0.01,1
UAGUGGUUAUCACUUUCGGUUUUGAUCCGGA,0.161,0.161,0.258,0.419,0.01,-0.03,-0.02,-0.02,-0.02,0.04,-0.01,0,-0.04,-0.02,-0.01,-0.03,0,0.02,0,-0.02,0,0.04,0.03,0,0,0.01,0.01,0.04,0.02,0.01,0,-0.01,-0.05,-0.02,-0.02,-0.01,-0.01,0,0,-0.01,-0.01,-0.03,-0.01,-0.02,-0.02,0,0,-0.01,0,-0.01,0,0,0,0,0,-0.01,0,-0.01,-0.01,-0.01,-0.01,-0.02,0,0,-0.01,0,0,0,0,-0.01,-0.01,0.01,0,-0.01,0,-0.01,0,-0.01,-0.01,0,0,0,-0.01,-0.01,0.01,0,-0.01,0,1
UGUUGCCGCUAAGUGUAAGGAAGUCGGUAUC,0.226,0.161,0.323,0.29,0.01,-0.01,-0.03,0.01,0.01,0.02,-0.01,-0.02,-0.01,0,0.01,-0.01,-0.01,-0.03,0,-0.03,-0.02,-0.03,-0.03,-0.03,-0.03,0.03,-0.03,0,-0.02,0,0,-0.01,-0.02,0,-0.02,-0.01,0.01,0.01,-0.01,-0.01,0,-0.01,-0.01,0,-0.01,-0.01,-0.01,-0.02,-0.02,-0.02,-0.03,-0.03,-0.02,-0.02,-0.02,-0.01,0,0,-0.01,-0.01,-0.01,0.01,-0.01,-0.01,0,0.01,0,0,0,0,0,0,0,0,0.01,-0.01,0,0,0,0,-0.01,0,-0.01,0,0,-0.01,0,0,1
CUGGUAUAUUCUAUAUACUCACUUAUUACUU,0.258,0.194,0.065,0.484,-0.03,-0.02,-0.01,0,-0.02,0.04,0,-0.01,-0.01,-0.02,0,0.03,0.03,0,-0.04,-0.02,-0.03,0.01,-0.03,-0.03,-0.02,-0.04,-0.04,0.01,0,-0.01,-0.01,-0.01,-0.03,-0.02,-0.01,-0.01,0,0,0.01,-0.01,-0.01,-0.01,-0.01,0,0.01,0.03,-0.03,-0.03,-0.03,-0.01,0.01,0,-0.02,0,-0.03,-0.02,-0.01,-0.01,-0.01,-0.01,-0.01,-0.01,0,-0.01,0,0,-0.01,0,-0.01,-0.01,0,0,0,0,-0.03,0,-0.02,0,0,0,0,0,-0.02,-0.01,0.01,0,0,0,1
UUCUGGUAUAUUCUAUAUACUCACUUAUUAC,0.258,0.194,0.065,0.484,0,-0.01,-0.01,0.01,0.02,-0.01,-0.01,-0.02,-0.01,-0.02,0.01,-0.01,0.03,0.07,-0.04,-0.03,-0.02,-0.03,-0.03,0,-0.01,0,0.01,0,-0.01,-0.03,-0.03,-0.03,0.01,-0.01,-0.01,-0.01,0,-0.01,-0.01,-0.01,-0.01,-0.01,-0.01,-0.01,0,0.03,0.01,-0.03,-0.02,-0.01,-0.03,-0.01,-0.01,-0.01,-0.01,-0.01,-0.01,-0.02,-0.01,-0.03,-0.01,0,0,0,0,0,0,0,-0.01,0,-0.01,-0.01,0,0.01,0.02,0,0,0,0,0,0,0,0,-0.01,0,-0.01,-0.01,0,1
AAUGGCUCUUUUUGUUAUUCGAAAGCUUACA,0.258,0.161,0.161,0.419,-0.03,-0.02,-0.02,0.01,-0.02,0,0,0,-0.01,-0.04,-0.02,-0.01,0.01,0,-0.04,-0.02,-0.03,0.01,-0.02,0,0.01,-0.01,-0.03,0,0,-0.02,0,-0.04,-0.02,-0.02,-0.03,-0.01,-0.02,0,-0.01,-0.01,-0.01,-0.01,-0.02,-0.01,0.01,0.01,-0.03,-0.03,-0.03,0,0.01,-0.02,0.01,0,-0.02,-0.01,0,-0.02,-0.01,-0.01,-0.01,-0.01,-0.02,0.01,-0.01,0.01,0,0,0,0,0,0,0,-0.01,-0.03,0,-0.02,0,0,0,0,0.01,-0.01,0,-0.01,0,0,0,1
UAAAAAGUUCGGCUAUCUCUUGGGCUCUGCC,0.194,0.258,0.226,0.323,-0.01,-0.02,-0.01,0,-0.06,0,0.02,-0.01,0.02,-0.01,-0.01,-0.02,0.01,0.03,-0.02,-0.01,-0.02,0.01,-0.01,-0.02,-0.01,-0.02,-0.01,-0.02,-0.02,-0.01,0,-0.01,0.01,-0.01,-0.01,-0.01,-0.01,-0.01,0,-0.01,-0.01,-0.01,-0.02,-0.01,-0.01,0.01,0.01,-0.02,-0.02,-0.01,-0.01,-0.02,-0.01,-0.01,-0.01,-0.01,-0.01,-0.01,-0.01,-0.01,-0.01,0.01,-0.01,-0.01,0,0,0.01,-0.01,0,0,-0.01,0,-0.01,0.02,0.01,-0.02,-0.01,0,0,0,0,0,-0.01,0,0,0,-0.01,0,1
UCUGCCCGCGCUGGUUCAAAUCCUGCUGGUG,0.097,0.323,0.29,0.29,0.01,-0.03,-0.02,-0.02,-0.03,-0.03,0,-0.02,-0.02,0,-0.01,0.02,0.03,0,-0.04,-0.02,-0.03,0.01,-0.02,0.02,0,0.01,0.01,0,0,0.03,-0.02,-0.02,-0.01,-0.02,-0.02,-0.01,-0.02,-0.02,-0.01,0,-0.02,-0.01,-0.01,-0.01,0.02,0.03,-0.03,-0.03,-0.03,-0.01,-0.01,-0.02,0,-0.01,-0.01,-0.01,-0.01,0,-0.01,-0.02,-0.01,-0.02,0,-0.01,-0.02,0,-0.01,0,-0.01,0,0,0,0,0,-0.03,0,-0.02,0,-0.01,0,0.01,-0.01,0,0,0,-0.01,0,0,1
CAUGGAUGAUAUUUGUAGUAUGGCGGAAAAC,0.323,0.097,0.29,0.29,-0.03,-0.02,0.02,0.02,0,-0.01,0.02,0.02,0.01,-0.01,-0.01,-0.01,-0.01,-0.03,-0.04,0,-0.02,-0.02,-0.03,-0.03,-0.01,-0.01,-0.02,0.01,0,0.02,-0.01,0,-0.02,-0.01,0,-0.01,-0.01,0,0.01,0.02,0,0,0,-0.01,-0.01,-0.01,-0.02,0.01,-0.02,-0.01,0,-0.03,-0.01,-0.01,-0.02,-0.01,-0.02,-0.01,0.01,-0.01,-0.01,0,0,0.01,0,0.01,0.01,0.01,0,0,0.01,0,0,0,-0.01,0,0,0,0.01,0,0,0,0,-0.01,-0.01,0.01,0.01,0,1
GUGGAGAUCAUCGGUUCAAAUCCGAUUGGAA,0.29,0.161,0.29,0.258,0,-0.02,-0.01,-0.02,-0.01,0.02,0,-0.01,0,-0.01,-0.01,0,0,0,-0.02,-0.06,-0.04,-0.01,-0.01,-0.01,-0.03,0.01,0,0.01,-0.03,0.01,-0.03,-0.01,-0.01,-0.02,-0.01,-0.01,-0.02,-0.01,-0.01,0,-0.01,-0.01,-0.01,-0.01,0,0,0,-0.04,-0.04,-0.01,-0.01,-0.01,0,-0.01,0,0.02,-0.01,-0.02,-0.01,-0.01,-0.01,-0.01,0,0,0,-0.01,0,0.01,0,0,-0.01,0,0,-0.01,0,-0.01,-0.01,0,0,-0.01,-0.01,0,0.01,0.01,0,0,-0.01,0,1
AUACUAUUCAGUUUCUCAGAUAUAGGUUGCA,0.29,0.161,0.161,0.387,-0.02,-0.02,-0.03,-0.01,-0.01,0,0.02,-0.01,0.02,0.05,0.01,0.02,-0.01,-0.03,0,-0.03,-0.02,-0.02,-0.04,-0.02,-0.01,-0.03,-0.01,-0.01,-0.01,0.02,0.02,0,-0.01,0,-0.02,-0.01,-0.02,-0.01,0,0,0,0.01,0.02,0,0.01,-0.01,-0.01,-0.02,-0.02,-0.01,-0.01,-0.03,-0.01,-0.01,-0.01,-0.01,-0.01,0.01,0.01,0.01,-0.01,0.01,0,0,0,0,0.01,-0.01,0,0,0.01,0,0,0,0.01,-0.01,-0.01,0,-0.01,0,0,0,0,0,0,-0.01,-0.01,0,1
GCAAUUGGAAAAAUCUAUUAACCCAGAUGAA,0.452,0.161,0.161,0.226,0.01,0,-0.01,0.02,-0.01,-0.01,-0.02,-0.03,0,-0.02,-0.01,-0.04,0.03,0.02,-0.04,-0.03,0,0,0.01,-0.05,-0.01,0.04,-0.03,0,-0.04,-0.01,0,-0.02,0.02,-0.01,-0.01,0,-0.01,-0.01,0,-0.01,-0.01,-0.01,-0.01,-0.02,-0.02,0.03,-0.02,-0.03,0,0,-0.01,-0.01,-0.02,0,-0.01,-0.01,-0.01,-0.01,0,0,0,0,0,0,0,0,0,0,0,0,0,-0.01,0,0.03,0,0,0,0,-0.01,-0.01,0,0,0,0,0,0,0,0,1
CCAGUGCGUCUACUAUUACUCGGCCAAAUAU,0.258,0.29,0.161,0.29,-0.02,-0.02,-0.03,-0.01,-0.01,0.02,0.01,-0.02,-0.04,-0.01,-0.01,-0.04,0.03,0,-0.02,-0.06,-0.02,-0.02,-0.01,-0.02,-0.02,-0.03,-0.05,-0.01,-0.01,-0.02,-0.02,-0.03,-0.01,-0.01,-0.02,-0.01,-0.02,-0.01,0,0,-0.02,-0.02,0,-0.01,-0.02,0.03,-0.01,-0.04,-0.02,-0.02,-0.01,-0.01,-0.02,-0.01,-0.02,-0.02,-0.02,-0.02,-0.03,0,-0.01,0,0,0,0,0,0,0,-0.01,0,0.01,0,0,0,0.01,-0.01,0,-0.01,0,0,0,0,0,-0.02,0,-0.01,-0.02,0.01,1
UCGUAAUUUGAGAUCUCUGCAAAACAAUGCA,0.355,0.194,0.161,0.29,0,-0.01,0,0.02,-0.01,-0.01,0.04,0.01,0.02,0.02,0,-0.01,-0.01,0.02,0.01,0.03,0.01,0.02,0.02,0.01,0,-0.01,0.02,0.03,0.02,0,-0.02,-0.03,-0.01,0,0,0.01,0,0.01,0.01,0.01,0.01,0.02,0.01,0.01,-0.01,-0.01,0.02,0.03,0.01,0.01,0.01,0.01,0.01,0,0.01,0.02,0.02,0.01,0.01,0,0,0,0.01,0,-0.01,0,0.01,0.01,0,-0.01,0,0,0,0,0.01,0.01,0.02,0,0,0,0.01,0.01,0,0,0.01,0.01,0.02,0.01,0
AAACAAUGCACCUCCUGGCAAAAACAUCAAU,0.452,0.29,0.097,0.161,0.03,0.02,0.03,0.01,0.01,0.03,0.01,0,-0.01,0,0.01,0.06,0.03,0.02,0.01,0.09,0.03,0.01,0.02,0.02,-0.01,0,-0.02,0.01,0.01,-0.02,0,0,0,0.01,0.03,0,0.01,0.02,0.01,0.01,0.01,0.02,0.01,0.01,0.02,0.03,0.02,0.01,0.03,0.02,0.01,0.02,0.01,0,0,0.01,0.02,0,0.01,0.01,0.01,0,0,0.01,0,0.01,0,0,0.01,0,0,0,0,0.03,0.01,0.01,-0.01,0,0,0,0.01,0,0,0,0.01,-0.01,0,0,0
AAACAUCAAUGUCAAUUGUUUGAACGUCAAU,0.387,0.161,0.129,0.323,0.01,0.01,-0.03,-0.02,0.01,0.02,-0.01,0,-0.01,0,-0.01,-0.04,0.01,-0.04,-0.01,0,0.02,-0.03,-0.01,0.06,0.03,0.04,0.01,0.03,0,0,-0.02,-0.03,0.02,0.02,0,-0.02,0.01,0.01,0.01,0,0.01,0,0.01,0.01,0.01,0.01,-0.01,0,0.02,0,0,0.01,0.04,0.02,0.03,0.01,0.01,0,0.01,0,-0.01,0,0,0,0,0,0.01,-0.01,0,0,0,0,0,0,0.01,-0.01,0,0.01,-0.01,0.01,0,0.01,0.01,0,0,0,0.02,0.01,0
GAACGUCAAUUCUUGUUCGUUGUCCGCAAGC,0.194,0.258,0.226,0.323,0.02,0.02,0.03,0.04,0.06,0.01,0.02,0.03,0.02,0,-0.01,-0.01,0.01,0,-0.04,-0.02,0,0.02,0.03,0.02,0,0.01,0.03,0.01,0.01,0.01,0,0.02,0.02,0.01,0.03,0.03,0.02,0.02,0.01,0.02,0.02,0.02,0,0,0.01,0.01,-0.03,0,0,0.02,0.02,0.02,0.01,0.01,0.01,0.01,0.02,0.01,0.01,0.01,0.02,0,0,0,0.01,0,0,0.02,-0.01,0.01,0,0,0,-0.01,-0.03,0.01,0,0.02,0.01,0.01,0.01,0,0,-0.01,0,0,0,0.01,0
AAUUAAUAUGGCUUGUAAUGGAAACAAGCAA,0.452,0.097,0.194,0.258,-0.02,0,0.01,-0.01,0,0,-0.01,-0.02,-0.01,0,0.03,0.02,0,0.07,0.05,0.01,0.02,0.02,0.03,0.06,0.03,0.01,0.01,0.04,0.03,0.01,0,0.01,0,0.01,0.01,-0.01,0.01,0,0.01,0.01,-0.01,0.01,0.02,0.01,0.01,0,0.03,0.02,0.02,0.01,0.01,0.02,0.04,0,0.01,0.01,0.01,0.01,0.01,0.01,0.01,0,0,-0.01,0,0,0,0,-0.01,0.01,0,0.01,0,0,0,0,0,0.01,0,0.01,0,0.01,0,0,0.01,0.01,0.01,0,0
AAACAAGCAAGAUCUUCCCAUACCGUUUCCC,0.323,0.355,0.097,0.226,-0.01,-0.02,0.02,0.02,0.02,0.02,-0.01,0.01,0.01,-0.01,0.01,0.01,0.02,0.03,0.09,0.09,0.02,0.01,0,-0.01,-0.03,0.05,0.01,0.01,0.01,0.01,0,0.01,0.03,0.01,0.01,0.02,0.02,0.02,0.01,0,0.01,0,0.01,0,0.01,0.02,0.03,0.09,0.02,0.01,0,0.01,0,0.02,0.01,0.01,0.02,0,0.01,0,0.02,-0.01,0,0,0,0.01,0,0,0.01,0.01,0,0,0.01,0.02,0,0.02,0.01,0,0,0.01,-0.01,0,0,0,0,-0.01,0,0.01,0
ACCGUUUCCCCUGCAUGUAGAAUGCAACGAU,0.258,0.29,0.194,0.258,0.02,0.02,0,0,-0.01,-0.02,-0.01,0.01,0,-0.02,0.02,0.04,0.01,0.01,-0.04,0.03,0,0.03,0.03,0.06,0.03,0,0,0.01,0,0.03,-0.01,0,-0.01,0.01,0.01,0,0,0,0,0.01,0.01,0.01,0.01,0.01,0.01,0.01,0.01,-0.01,0,0.01,0.03,0.03,0.04,0.01,0.01,0.01,0,0.01,0.01,0.01,-0.01,0.01,0.01,0,0,0.01,0.01,0,0,0,0,0,0,0.01,0.01,0,0,0.01,0.01,0.02,0,0,0.01,0,-0.01,0,0,0.01,0
AUCAAUGUUUAAUCAUAACAGAUCAAAGAGC,0.452,0.161,0.129,0.258,0.03,0.02,0,0.02,0.01,-0.01,0.01,0.03,0.01,0,-0.01,0.02,0.02,0,0.01,0.01,0.01,0.01,0.03,0.02,-0.01,0.04,0.01,0.01,-0.01,-0.01,0.01,-0.01,0,0.01,0,0.01,0.02,0,0,0.02,0,0.01,-0.01,0.01,0.01,0.02,-0.01,0.01,0.01,0.01,0.01,0.02,0.01,0,0.03,0,0.01,0,0,0,0,0,-0.01,0.01,0,0,-0.01,0.01,0,0.01,-0.02,0,0.01,0.01,0,0,0,0.01,0.01,0.01,0,0,0.01,0.01,0,0,0.01,0,0
AUCAAAGAGCAGUGGUACUACAGAUGCGUCA,0.355,0.194,0.258,0.194,0.01,0,0.04,-0.02,0,0.02,-0.01,-0.01,0.01,0.02,0.01,0.04,0.03,0.07,-0.04,0,0.01,0.02,0.02,0.03,0.01,0.03,0.01,-0.02,0,0.01,-0.01,0.01,0.02,0.01,0.01,0.02,0,0.01,0.01,0,0,0.01,0.01,0.01,0.03,0.03,0.01,0.01,0.01,0.01,0.01,0.01,0.01,0.02,0,0.01,0,0.01,0,-0.01,0.02,0,0,0,0.01,0,0.01,0.01,0,0,0,0.01,0,0,0.02,0,0,0,0,0.01,0,0.01,0,0,0.01,0,0,0.01,0
AGGUACGCAUAAGCGUGAACCCCGGUCGACG,0.258,0.29,0.323,0.129,-0.01,-0.02,0.02,0.01,0.01,-0.03,-0.01,0.01,0.02,0.03,0.01,0.01,0,0.01,0.09,0.09,0.03,0.01,0.03,0.03,0.03,0.01,-0.01,0.01,0.02,0,0,0.01,-0.01,0.01,0.01,0,0.01,0,0,0.01,0.02,0.02,0.01,0,0.01,0,0.03,0.09,0.03,0.02,0.01,0.02,0.03,0.02,0.01,0.01,0.02,0.01,0.01,0.01,0.01,-0.01,0,-0.01,0.01,0,0,-0.01,0,0.01,0,0.01,0.01,0,0,0.02,-0.01,0.02,0,0,0.02,0,0.01,0,0.01,0,0,0.01,0
CCGGUCGACGAUACAUACAGAGCUGUUACAA,0.323,0.258,0.226,0.194,0.02,0.02,0.01,0.02,-0.02,0.03,0.04,-0.01,0.01,0,-0.03,-0.01,0.03,0.07,0.05,-0.01,0.01,0.01,0.01,0.02,0.02,0.03,0,0.01,0.01,0.01,0,0.02,0.01,0,0.01,0.02,0.02,0.01,0.01,0.01,0.02,-0.01,0,0.01,0,0.03,0.03,0.02,0.01,0.01,0.01,0.01,0.01,0.02,0.03,0.02,0.01,0,0,0.01,0.01,0,0.02,0,0.01,0,0.01,0.01,0.02,0,0.01,0.01,0,0.01,0,0,0,0,0,0,0.01,0.01,0,0.01,0,0,0,0.01,0
UAUAGCAAAGGACAGUAGAAACCUGAGUAAU,0.452,0.129,0.226,0.194,0.02,0,0.01,0.01,0,0.02,-0.01,0.01,0.01,0.03,0.05,0.04,0.03,0.01,0.09,0.09,0.02,-0.01,0.03,-0.02,-0.02,0,0.04,0.01,0.02,-0.04,0.03,-0.03,0.02,0,0.01,0.01,0.01,0.01,0.01,0,0.01,0.01,0.04,0.03,0.03,0.03,0.03,0.09,0.02,0.01,0.01,0.01,0.01,0.01,0.01,0.01,0.01,0.01,0,0.01,0.01,-0.01,0,0,0,0,0.01,-0.01,0,0,0.02,0.02,0.03,0.02,0,0.02,0.01,0.01,0,0,0.01,0.01,0,0,0.01,0.01,0,0.01,0
CCUGAGUAAUGGAUCUUUGAAUGAUAUUAAC,0.323,0.129,0.194,0.355,0.03,0.02,0.01,0.02,-0.02,-0.03,0,-0.02,-0.01,0,0.01,0.01,0.03,0.07,0.05,-0.01,0.01,0.02,0.02,0.02,0.04,0,0.03,0,0.03,0,0.01,0.03,0.03,0.01,0.01,0.02,0.02,-0.02,0,0,0,-0.01,0.01,0.01,0.02,0.03,0.03,0.02,0.01,0.01,0.01,0.03,0.03,0.02,0.01,0.02,0.01,0.01,0.01,0.01,0.02,0,0.02,0,0.01,-0.01,0.01,0,0,0.01,0.01,0.01,0,0.01,0,0,0,0.01,0,0.03,0.01,0.01,0.01,0,0,0,0,0,0
UGAUAUUAACGAAAAUGAAGAGCUCCAAAAU,0.484,0.129,0.161,0.226,0.01,-0.01,-0.01,0.01,0.02,0.01,0,-0.01,0.02,0.02,0.03,0.01,0.02,0,0,0.01,0.01,0.03,0.03,0.03,0.03,0.01,0.01,-0.02,0,0.01,0.01,0,-0.01,0,0,-0.01,0.02,0.01,0.01,0,0,0.02,0.03,0.01,0.01,0.02,0.01,0,0.01,0.01,0.03,0.02,0.03,0.01,0.02,0.01,0,0.01,0.01,-0.01,0.01,0,0,-0.01,0.01,0,0.01,0.01,-0.01,-0.01,0,0,0.01,0.01,0,0,0,0.01,0.01,0,0.02,0,0.01,0,0.01,0,0,-0.02,0
GCUCCAAAAUUUCCAUAGAAAAAUCAGCGAA,0.452,0.226,0.129,0.194,-0.03,-0.02,0.01,0.03,0,0,-0.03,0.01,0,-0.02,-0.01,-0.03,0,0.02,0,-0.03,0.02,0.01,0.05,0.04,0.02,0.01,0.04,0,0.02,0.03,0.03,0.01,0.02,0,0.01,0.01,0.02,0,0,0,0.01,0.01,-0.01,-0.02,-0.02,0,0,-0.02,0.02,0.01,0.01,0.04,0.03,0.01,0.01,0.02,0.01,0.01,0.01,0.01,0.04,-0.01,0,0,0,0.01,0.01,0,0,0,-0.01,0.01,0,-0.01,0,-0.01,0,0,0,0.01,0.02,0,0,0,0,0,0.01,0.01,0
UUCCCCAAGGAAAAAUAGCGAAACCAGAAAG,0.484,0.226,0.194,0.097,-0.02,-0.02,0.02,0.01,0,0.03,0.01,0.02,0.02,0.04,0,0,0.02,0,0.09,-0.06,-0.02,-0.02,0.02,0.01,0,0.02,0.04,0.01,-0.01,-0.03,0,0,0.01,0,0.01,0.02,0,0.01,0.01,0,0.02,0.03,0.01,0.01,0.01,0.02,0,0.01,-0.02,-0.02,0.01,0.01,0.01,0.01,0.01,0.01,0.01,-0.01,0,0.01,0.01,0.01,0,0,0.01,0,0,0.01,0,0,0,0,0.01,0.01,0,0.01,0,-0.01,0,0,0,0,0.01,0.01,0,-0.01,0,0.01,0
GUUAAUGCGGGAAGAUUACAUUGCCUUGAAA,0.323,0.129,0.258,0.29,0.02,0.04,0.03,0.01,0.01,-0.01,0,0.03,0.03,0,-0.01,-0.01,-0.04,0,0.03,0,-0.01,0.02,0.04,0.01,0.03,0.04,0.01,0,0.02,0.01,-0.01,0,-0.01,0.02,0.02,0.01,0.01,0.01,0.01,0.02,0.03,0.01,0,0.01,0,-0.04,0.03,0,-0.01,0.01,0.01,0.01,0.01,0.01,0.03,0.01,0.01,0.01,0.01,0.01,0.01,0.01,0.01,0,0,0.01,0,0.02,0.01,0,0.01,0,0,0,0.01,0,-0.01,0,0,0.01,0,0,0.01,0,0,0,0,0,0
UGCCUUGAAACAACCUCCAAGCUUGGGAGAU,0.29,0.258,0.226,0.226,0.02,0,0.02,0.01,0.02,0.02,0,0.02,-0.01,0.02,0.01,0.02,0.01,0.07,-0.04,0.01,0.02,0.01,-0.02,0.02,0,-0.01,0.01,-0.03,0.03,0.01,0,0.02,0,0.01,0.01,0.02,0,0.03,0.02,0.01,0.01,0.01,0.02,0.01,0.01,0.01,0.01,0,0.02,0,0.01,0.01,0.01,0,0.01,-0.01,0.01,0.01,0.01,0.01,0,-0.01,-0.01,0,0,0,0.01,0,0,0.01,0,0.01,0,0,0.02,0,0,0.01,0,0,0,0,0,-0.01,0,0,0,0,0
GAGGAGAUCUCGUCGUUUAAGAACCAAGUCA,0.323,0.194,0.258,0.226,-0.01,-0.03,-0.01,-0.02,0,-0.01,-0.01,0.05,0.03,0,0.04,0.04,0,0,-0.04,-0.02,0.02,0.02,0.03,-0.01,-0.01,-0.04,0.01,0.01,0.02,0.02,-0.01,0,0.01,-0.01,0,0,0,0,0,0.01,0.01,0.03,0.01,0.03,0,0,-0.03,0,0.02,0.03,0,-0.01,-0.01,-0.02,-0.03,0,0.02,0.01,0,-0.01,0.01,-0.01,0.01,-0.01,0,0.01,0,0,0,0.01,0,0.01,0,0,-0.03,0.01,0,0.01,-0.01,-0.01,0,0,-0.01,0.01,0.01,0.01,0,0,0
AACCAAGUCAUUCGGUAACAAGUUCCAAGAC,0.387,0.258,0.161,0.194,0.01,0.01,0.02,0.03,0.01,0.01,-0.02,-0.01,0.02,0.05,0.01,0.02,0.01,-0.02,-0.04,0.03,0.01,0.01,-0.01,0.03,0.01,0.01,0.01,0.01,0,0.01,-0.02,0,0.01,0.02,0.01,0.02,0.01,0.01,0.01,0,0,0.01,0.02,0.01,0.01,0.01,-0.02,-0.01,0.01,0.01,0.01,0.01,0,0.01,0.01,0.01,0.01,0.01,0,0,0,0,0.01,0,0.01,0,0,0.01,0,0,0.02,0,0,0.01,0,0,0,0,-0.01,0,-0.01,0,0,0,-0.01,0,0,0,0
GUUCCAAGACAUUACUGUCGAACCUCAAUCC,0.29,0.323,0.129,0.258,-0.01,0.01,0.03,0.01,-0.02,0.04,-0.01,0.01,0.02,0.03,0.03,0.06,0,0.01,0.09,0.03,0.01,0.02,0.02,0.03,0.02,0.01,-0.02,-0.02,-0.01,0,0.02,0.01,0.02,0,0.01,0.01,-0.01,0,0,0.01,0.02,0.02,0.02,0.03,0.02,0,0.03,-0.01,0.01,0.02,0.01,0.02,0.01,0.02,0.01,-0.01,-0.02,0,0,0,0.04,0,0.01,0,0.01,0,0,-0.01,0,0.01,0,0.02,0.02,0.01,0,0,0.02,0,0,0,0.01,0,0,-0.01,0,0,0,0.01,0
CGUAGGUAAAGUGUAUUUAGUGAGGGAACGC,0.29,0.097,0.355,0.258,0.01,-0.01,-0.01,-0.01,0.02,0.01,0.02,0.03,0.02,0.02,0.03,0.01,-0.01,-0.04,0.05,0.04,0.01,0.01,-0.01,0.04,0.04,0.05,0.04,0,0,0.01,0.02,0.05,0.04,0,0.01,0,0.01,0.01,0.01,0.02,0.02,0.01,0.03,0.01,0.01,-0.01,-0.01,0.02,0.01,0.01,0.01,0.02,0.02,0.03,0.02,0.02,0,0.01,0.01,0.01,0.03,0.01,0,0,0.01,0,0,0.02,-0.01,0,0,0,0,0,0.01,0,0.01,0,0,0.01,0,0.01,0,0,-0.01,0,0,0,0
CGCGACAAGUGAUCAUCCAUUUAUUGUGACA,0.29,0.226,0.194,0.29,0.01,0.01,0.01,0.01,-0.01,0,0.03,0.03,0.03,0,0.04,0,0,0,-0.02,-0.06,0.01,0.01,0.01,0.01,-0.03,0.01,0.04,0.04,-0.01,0.01,0.01,0.01,0,0.02,0.01,0.01,0,0,0.02,0.02,0.02,0.03,0.01,0.01,0.01,0,0,-0.04,0.01,0.01,0.01,0.02,0,0,0.02,0.02,0.02,0.01,0.01,0.01,0.01,0,0.01,0,0.01,-0.01,0,0,0,0.01,0,0,0,0.01,0,-0.01,0.01,0,0,0.01,0,0.01,0.01,0.01,0,0,0,0,0
UAUUGUGACACUGUAUCAUUCCUUUCAAACC,0.258,0.258,0.097,0.387,0,0.01,0.03,0.01,0.02,0,0.02,0.02,0.01,0.03,0,0.03,0.03,0.02,-0.04,0.01,0,0.01,0,0,0,-0.03,-0.03,0.03,0,0,0,0.02,-0.01,0,0.01,0,0.01,0.01,0,0.01,0.01,0.01,0.01,0,0.02,0.03,-0.02,0,0,0.03,0.01,0,0.01,0,0,0.01,0.01,0,0.01,0.01,0.01,-0.01,0,-0.01,0,0,0.01,0.01,0.01,0.01,0,0,0,0.03,0,0,0.03,0,0,-0.01,0.01,0,0,0.01,0,-0.01,0,0.01,0
AAACAUAUUACUGCAUCAAUCUGGUCAUGUC,0.323,0.226,0.129,0.323,0,-0.01,-0.02,0.02,0.01,0.01,0,0,0.01,0,0.02,0.02,0.03,0,-0.04,-0.02,0.02,0,-0.02,-0.02,0,0.03,0,0.01,0.01,0.02,-0.01,0.02,0,0,0,0,0.01,0.01,0.01,0.01,0.01,0.01,0.02,0.02,0.02,0.03,-0.03,0,0.02,0,0,-0.01,0,0.01,0.03,0.02,0,0.01,0.01,0.01,0.02,0,0,0,0.01,0,0,0,0,0.01,0,0,0,0,-0.03,0.01,0,0,0.01,0,0.01,0,0,0.01,0.01,0,0.01,0,0
UGGUCAUGUCAUGCUUUCUGACUUUGAUUUA,0.161,0.161,0.194,0.484,0,0.01,0.04,0.02,0.01,0.03,0.01,0.05,0.02,0,0.02,0.03,0.03,0,-0.04,-0.02,0,0.02,0.01,0.04,0,0.01,0.02,-0.01,-0.01,0.01,0.02,0.05,0.04,0.01,0.02,0.02,0.01,0.01,0.02,0.01,0.03,0.01,0.02,0.02,0.01,0.03,-0.03,-0.03,0,0.01,0.01,0.02,0.01,0.01,0.01,0,0.01,0,0.02,0.02,0.03,0,0.01,0.01,0.01,0,0.01,0,0,0.02,0,0,0,0,-0.03,0,0,0,0,0.01,0,0,0,0.01,0,-0.01,0,0,0
AGAUACAAAAAUUUGUUCAGAUGGAUUCAGA,0.419,0.097,0.194,0.29,0.01,0.01,0.03,0.01,0.03,0.04,0,0.01,-0.01,0.02,0.02,0.01,0,-0.04,0.05,0.01,0.02,0.01,-0.03,-0.03,-0.01,-0.01,0,0.03,0.02,0,0.01,-0.01,-0.01,0.01,0.02,0.03,0.02,0.03,0.01,0,0,0,0.01,0.01,0.01,0,-0.01,0.02,0.02,0.01,0.01,-0.03,0,-0.01,0.01,0.01,0.01,0.01,0,0.02,0.01,0.01,0.02,0.02,0.02,0,-0.01,0,-0.01,-0.01,0,0,0,0,0.01,0,0,0.01,0,-0.01,0,0,0,0,0,0,0.01,0,0
UGGAUUCAGAACUAAUUCCUUUGUUGGUACU,0.226,0.161,0.194,0.419,0.04,0.03,0.05,0,-0.01,-0.03,0.01,0,0,0.01,0,0.02,0.03,0,-0.04,-0.02,-0.04,-0.02,0.03,-0.01,0,0.03,0.03,0.03,0,0.01,0.01,0.05,0.03,0.02,0.02,0.01,0.01,0,0,0.01,0.01,0.01,0.01,0.01,0.02,0.03,-0.03,0,-0.04,-0.01,0.01,0.01,0,0.01,0.02,0.01,0.01,0.01,0.01,0.01,0.02,0,0,0,0.01,0,0,0,0,0,0,-0.01,0,0,-0.03,0.01,0,0.01,0,0,-0.01,0.01,0.01,0,0.01,0,0,0,0
UGGCUGUACUCCAUUUAAAGGAGAUAAUUCA,0.323,0.161,0.194,0.323,0.02,0.02,0,-0.02,0.06,0.02,-0.02,0,0,0.03,0.01,0.06,0.03,0,-0.04,-0.02,-0.04,-0.03,0.01,-0.03,-0.01,-0.04,-0.04,0.01,0.02,0.02,0.02,0.02,0.03,0.01,0.01,-0.01,0.01,0.03,0,0.01,0.01,0.01,0.01,0.01,0.02,0.03,-0.03,0,-0.04,0,0,0.01,0,-0.01,-0.03,-0.02,0.01,0.01,0.02,0.02,0.03,0,0,0,0,0,-0.01,0,0,0,0,0,0,0,-0.03,0.01,0,0,0,0,0,0,-0.02,-0.01,0,0,0,-0.01,0
CGUCAAAUUUCCACAUGAUAAGGAAGUUUCG,0.323,0.194,0.194,0.29,0.01,0.02,-0.02,-0.02,-0.02,-0.01,0.02,-0.01,0,-0.01,-0.02,0.04,0,-0.04,-0.02,-0.02,0,-0.01,0.01,0.02,0.03,0.01,0.02,0,0.03,0.03,0.04,0.05,0.04,0.01,0.01,-0.01,-0.01,-0.01,0.01,0.01,0,0,-0.01,0.01,0.01,0,-0.01,0,0,0,0.01,0.01,0.01,0.01,0.01,0.01,0.01,0.02,0.02,0.01,0.03,0.01,0,0,-0.01,0.01,0.01,0,0,0,0,0.02,0,0,0,0,0,0,0,0,0,0,0.01,0,0,0,0.01,0,0
GGAAGUUUCGAAGAAUUGUAAAGACCUGAUA,0.387,0.097,0.258,0.258,0.01,0,0,0.02,0,-0.01,0.02,0.02,0.01,0,-0.01,-0.01,-0.04,0,-0.02,-0.06,-0.02,0.01,0.02,0.02,0.01,0,0,0.03,-0.01,0.02,0.01,0.02,0.01,0.01,0,0.01,-0.01,0,0.01,0.02,0.02,-0.01,-0.01,0.01,0,-0.04,-0.01,-0.04,-0.02,0.01,0.01,0.02,0.01,0.01,0,0.01,0.01,0.01,0.01,0.01,0.01,0,0,0,0,0.01,0.01,0.01,0,0,0,0,0,0,0.01,-0.01,0,0,0,0,0,0.01,0,0.01,0.01,0,0.01,0,0
CUUCUUCAAAAAAGUUCAGUGGUCGUUCUUA,0.258,0.194,0.161,0.387,0,0.01,0.03,0.01,0.01,0,0.02,0,0.02,0.04,0.03,0.06,0,0.01,0.01,0.01,0,0.01,0.03,0.02,0,0.01,-0.01,0.01,0,0.02,0.03,0.03,0.01,0.01,0.01,0.02,0.01,0.01,0.01,0.01,0.01,0.03,0.01,0.03,0.02,0,0.02,0.01,0,0.01,0.01,0.02,0.01,0,0,0,0.01,-0.01,0.02,0.01,0,0,0.01,0,0,0.01,0,0.01,0,0,0,0.02,0.02,0.01,-0.01,0,-0.01,0,0,0,0,0,0,0,0,0.01,0.01,0.01,0
CCCCCCUCUAAUACCUGCAUUAAAUGAUAAC,0.323,0.355,0.065,0.258,0.03,0.03,0.01,0.01,0.01,-0.03,0.01,0.01,0.01,0.03,0.01,-0.02,0.01,0.04,0.09,-0.02,-0.01,-0.03,-0.02,0,0.01,-0.02,0.02,0.01,0,0,0.02,0.02,-0.02,0.02,0.01,0.01,0,0.01,0,0.01,0.01,0.01,0.01,0.01,0,0.01,0.03,0,-0.01,0.01,0,-0.02,-0.01,0,0,0.03,-0.01,0,0.01,0.02,0.01,0.01,0.01,0.01,0.01,0.01,0,0.01,0.01,0,0,0,0,0.01,-0.01,0.01,0.01,0.01,0,0,-0.01,0,0.02,0.02,0.01,0,0,0,0
UCCUUUUAUAUUGUCUUGCAAUAAACACCCG,0.258,0.258,0.097,0.387,0.01,0.02,-0.02,0.01,0,-0.01,0.02,0.02,0.02,-0.01,0.01,0.06,0,0.01,0.09,-0.02,0.01,0,0,0,0.01,0.04,0.02,0.04,0,-0.01,-0.03,0.03,0.03,0.01,0.01,0,0.01,0,0.01,0.02,0.01,-0.01,0.01,0.01,0.02,0,0.03,0,0.01,0.01,0.01,0.01,0.01,0.01,0.02,0.04,0.01,-0.01,-0.01,0.01,0.01,0.01,0.01,-0.01,0,0.01,0.01,0.01,0.01,0,0,0,0.02,0.01,0,0.01,0,0,0,0.01,0,0.01,0.02,0,0,0,-0.01,-0.01,0
AAACGAUGAUGAAAUUGAUGAGGCUGAUCCA,0.387,0.129,0.258,0.226,0.01,0.02,0.02,0.01,0.01,0.01,0.04,-0.02,-0.01,0,-0.02,0.04,0.03,0.01,0.01,0.01,0,0.01,0.01,-0.02,-0.02,0,0,0.03,0,0,0,-0.02,0.01,0.01,0.02,0.01,0.01,0.01,0.02,0.02,-0.02,0.02,-0.01,0.01,0.03,0.03,0.02,0.01,0,0.03,0,-0.01,0,0,0.01,0.01,0.01,0,0.01,-0.01,0,0,0,0.01,0,0,0,0.01,0.01,0,-0.01,0.02,0.03,0.02,-0.01,0,0.03,0,-0.01,0,0,0,0,0.01,0.01,-0.01,0.01,0,0
GGCUGAUCCAUUCCAUGAUUUUAAUUCUAUG,0.226,0.194,0.161,0.419,0.01,0,0.03,0.04,0.06,0.02,0,0,-0.01,0.03,0.04,0.04,0,0,-0.04,-0.02,0,0.04,0.01,0.02,0.02,0.01,0.01,0.01,0.03,0.01,0,-0.01,0,0.01,0.01,0.03,0.02,0.03,0.01,0.01,0.01,0.01,0.02,0.03,0,0,-0.03,0,0,-0.01,0.01,0.01,0.01,0,0.01,0.01,0.01,0.01,0.01,-0.01,0,0,0,0,0.01,0,0,0,0,0,0,0.01,0,0,-0.03,0.01,0,-0.01,0,0,0,-0.01,0,0,0,0.01,0,0,0
CUACUCUGAAAAUUAUACCUACGGAAAAAUU,0.419,0.194,0.097,0.29,0.02,0,0.01,0.02,-0.01,0.01,0,0.01,0.02,0,-0.02,0.03,0.01,0.04,0.09,-0.02,-0.01,0.01,-0.01,0.04,0.03,0.01,-0.02,-0.02,0.01,-0.01,0,0.02,0.01,0.01,0.01,0.01,0,0.01,0.01,0,0.01,0,-0.01,0.01,0.04,0.01,0.03,0,-0.01,0.01,0,0.02,0.01,0.01,0,-0.01,0.01,0.01,0,0.02,0.02,0,0,0,0,0,0,0,0.01,0.01,0.01,0,0.04,0.01,-0.01,0.01,0.01,0,-0.01,0.01,0.01,0,0,-0.01,0.01,0,0.01,0,0
AUCUUAUGAUAAAAAUGUAAAAAAUUAUUUA,0.516,0.032,0.065,0.387,0.02,0.02,-0.01,0,0.01,0,0,-0.01,0,-0.01,-0.01,0,0,0,0.03,0.01,0.02,0,0,0,0.02,0.01,-0.03,-0.02,0,0.01,0,-0.01,-0.05,0.01,0.01,0.01,0,-0.01,0,-0.01,-0.01,0.01,0,0.01,0,0,0.01,0.02,0.02,0.01,0.01,0,0.01,0.01,0,-0.01,0.01,0.01,-0.01,-0.01,-0.01,0,0.01,0,0,0,0,0,0.01,0,0.01,0,0,-0.01,0,0,0,0,0.01,0.01,0.01,0,0,0.01,0,0,-0.01,0,0
AAACGAGAAAGUGAAUGAAAAAUAUAAUAUC,0.581,0.065,0.161,0.194,0.03,0.02,0.02,0.01,0.01,-0.01,-0.01,0,-0.02,-0.01,0.01,0.06,0.03,0.02,0.01,-0.02,0.01,-0.01,0.03,-0.01,0.01,0,0.01,0,0.01,0.01,0.01,0.01,0.02,0.01,0.01,0.02,0.01,0.01,-0.01,0,0,0,0.01,0.01,0.02,0.03,0.02,-0.02,0.01,0.01,0.01,0,0.01,0.01,0.01,0.02,0.01,0,0.01,0.01,0.01,0,0,0,0,0,-0.01,0,0.01,0,0,0,0,0.03,0.01,0,-0.02,0,0.01,0.01,0,0,0,0.02,0,0,0.01,0.01,0
AUAUAAUAUCAUUUAUUGUCUGAUAAUGCUG,0.323,0.097,0.129,0.452,0.03,0.02,-0.02,0.01,0.02,0.02,0,0,0.03,0.04,0.03,0.06,0.03,0.02,0.01,0.09,0.03,0.01,0.02,0,0,0.02,0.01,-0.01,-0.02,-0.03,-0.01,0.01,0.02,0.01,0.01,0,0.01,0.03,0.01,0,-0.01,0.01,0.01,0.03,0.02,0.03,0.02,0.01,0.03,0.02,0.01,0,0.01,0.01,0.01,0.01,0,-0.01,0,-0.01,0.04,0.01,0,-0.01,0.01,0,0,0,0,0,0,0.02,0,0.03,0.01,0.01,-0.01,0,0,-0.01,0,0,0,0,-0.01,0,0,0.01,0
UACGUACCAUCCGCAUCAGUGGAUAUCCAAU,0.29,0.29,0.161,0.258,0.01,0.03,0.03,0.01,0.03,0.04,0.02,0.02,0,-0.02,0.01,0.01,0.01,0,-0.04,-0.02,0,0.02,0.03,0,0.01,0,0,0.03,0,-0.01,0,-0.02,0.02,0.01,0.02,0.03,0.02,0.03,0.01,0.01,0.01,0.01,0,0.01,0,0.01,-0.03,0,0,0.02,0.02,0,0.01,0.01,0,0.02,0.01,0.01,0,0,0,0.01,0.01,0.02,0.02,0,0.01,0,0,0.01,0,0,0,-0.01,-0.03,0.01,0,0.02,0.01,-0.01,0,0,0,0,0,0,0,0,0
GAUAUCCAAUGAUAGUAAUUUCGCGAGUUUA,0.323,0.129,0.194,0.355,0,0.04,0.02,0.01,0.06,0.02,0.02,-0.01,-0.01,0,0.02,0.02,0.03,0.02,0,0.01,0,0.01,0,0,-0.02,-0.01,0.01,-0.01,-0.01,0.02,0.03,0.01,-0.01,0.02,0.02,0.02,0.02,0.03,0.01,0,0,-0.01,0.02,0.02,0.01,0.03,0,0.02,0,0.01,0,0,0,0,0.01,0.01,-0.01,0.01,0.01,0.01,0.01,0.01,0,0,0.01,0,0,-0.01,0,-0.02,0,0,0,0.03,0,0.01,0.01,0,0,0,0,0,0,0,-0.01,-0.01,0,0,0
CGCGAGUUUAUCCGUUGCUGUUAUAUUAUCA,0.194,0.194,0.194,0.419,-0.02,0,0.02,0.01,0.02,0.02,0,0.01,0.02,0.03,-0.02,0.03,0.01,0.04,-0.02,-0.01,0,0.01,0.03,0.01,0.03,-0.01,0.01,0.02,-0.01,0.01,0,0,0.01,0,0.01,0.01,0.01,0.01,0.01,0.01,0.01,0.01,0.02,0.01,0.04,0.01,0,0,0,0,0.01,0.01,0.01,0.01,0,0,0.01,0.02,0.01,0.01,0,0.01,0,0,0.01,0,0,0,0,0,0.01,0,0.04,0.01,0,0,0,0.01,0.01,0,0,0.01,0.01,0,0,0.01,0.01,0,0
UAUAUUAUCACUUUUUAAUAUUCUUUUCAAA,0.323,-0.323,0.452,0.548,0.02,0.01,0,0.01,0.01,0.02,0.04,-0.01,0.01,0.05,0.01,0.01,0.01,0.03,0.09,-0.02,0.01,0.04,0.03,0.02,-0.01,0,0.02,0.03,0.02,0.01,0.01,0.02,0.02,0.01,0.01,0.01,0.01,0.01,0.02,0.01,0.02,0.03,0.02,0.01,0.02,0.01,0.03,0,0.01,0.02,0,0.03,0.02,0.01,0.01,0.02,0.02,0.01,0.01,0.01,0.02,0,0.01,0.01,0,0.01,0.01,0.01,0.02,0.01,0.01,0,0.02,0.02,0,0.01,-0.02,0.01,-0.01,0.01,0.01,0.01,0,0,0.01,0,0,0.01,0
GGAUUCCUUCCGCAAUUCUUCUGAAAUACUG,0.226,0.258,0.161,0.355,0.02,0.03,0.05,0.03,0,0,0.04,-0.02,0.02,0.04,0.01,0.01,0.02,0.03,-0.02,-0.01,0.01,-0.02,0.03,0.02,0,0.01,0,-0.01,0.02,0.03,0.04,0.01,0.01,0.01,0.02,0.03,0.02,0,0.01,0.02,0.01,0.01,0.01,0.01,0.01,0.02,0.01,-0.02,0.01,0,0.01,0.02,0.01,0.01,0,0,0,0.02,0.02,0.02,0.01,0,0,0,0,0.01,0,0.01,0,0.01,0,0,0.01,0.02,0.01,-0.02,0,0,0,0,0,0.01,0,0,0,0,0,0,0
CUCGCCAGUUUUUUGUUCUUCCACGUAAUCC,0.129,0.323,0.129,0.419,0.03,0.02,-0.02,0.01,-0.01,0,0.02,-0.01,0.02,0.02,0.03,-0.02,0.01,0.04,0.09,0.09,0.03,0.01,0.03,0.02,0.01,0.01,0,-0.02,0.01,0.02,0.04,0.01,0,0.01,-0.01,0,0.01,-0.01,0,0,0,0.02,0.03,0.01,0,0.01,0.03,0.09,0.03,0.01,0,0.01,0.01,0.01,0.01,0,0.01,0.01,0.01,0.02,0.01,0,0,0,0,0,0.01,0.01,-0.01,-0.01,0,0,0,0,-0.01,0.02,0,0.01,0,0,0,0,0,0,0,0,0,0,0
CCUUAUUAACGGAGAUUUGAUUUCUCCCAGC,0.226,0.258,0.161,0.355,0.04,0.01,0,0.01,0.01,0.03,0.01,-0.01,0.01,0.05,0.01,0.02,0.01,0.04,-0.02,-0.01,-0.01,0.04,0.02,0.01,-0.01,0.03,0.01,0.04,-0.01,-0.02,0.02,0,0.01,0.01,0.01,0.01,0.01,0.02,0.02,0,0.02,0.03,0.02,0.01,0.01,0.01,0,0,-0.01,0.01,0,0.01,0.01,0.02,0.02,0.01,0.02,-0.02,0.03,0,0,0,0.01,0.01,0,0.01,0.01,0.01,0.02,0.01,0.02,0,0.01,0.01,0,0,-0.01,0.01,0,0.01,0,0.01,0.01,0.01,0,-0.01,0.01,0,0
ACCGAUUCGAGUGAGUACGUUUUCAAAUAUG,0.29,0.161,0.226,0.323,0.01,0.02,0.05,0.03,0.06,-0.02,-0.01,-0.01,0,-0.02,-0.02,-0.01,0.01,0,-0.04,-0.02,0,-0.01,0.03,0.02,0.03,0.02,0.02,0,-0.02,0.02,0.02,0.02,0,0,0.01,0.03,0.01,0.01,-0.02,0,0.01,0,0,-0.01,0.01,0.01,-0.03,0,0,-0.01,0.01,0.01,0.02,0.02,0.01,0,0,0.01,0.01,0.02,0.01,0,0,0,0,0,0,-0.01,0,-0.01,0,0,0,-0.01,-0.03,0.01,0,0,0.01,0,0.02,0.01,0,0,0.01,0,0,0,0
UUCAAAUAUGCUUAAUCUGAUCUCUUCUGCG,0.226,0.226,0.129,0.419,0.03,0.02,0.02,0.01,0.01,0.03,-0.01,0,0.03,0.01,0.04,-0.02,0.01,0.01,-0.01,0.01,-0.01,0.01,0.03,0.03,0.03,0.01,0,0.03,0.01,-0.01,0.02,0.01,0.01,0.01,0.02,0.01,0.01,0.02,0.01,0.01,0.01,0.01,0.01,0,0,0.01,0,0,-0.01,0.01,0.01,0.01,0.01,0.01,0,0.02,0.01,0.01,0.01,0.01,0.01,0,0,0,0,0.01,0,0.01,0,0,0,0,0,0.01,0,0,0.01,0.01,0,0.01,0,0,-0.01,0,0,0,0,0,0
GCCGAUCUGUGCCAUUAUAGUAAGCAGUGCC,0.226,0.258,0.258,0.258,-0.01,-0.02,0.02,0.02,0.03,0.04,-0.01,0.01,0.02,-0.01,-0.01,0,0,-0.04,-0.04,0.01,0.02,0.01,0.01,0.01,0.02,0,0.02,0.03,0,0.03,0.04,-0.01,0,0,0,-0.01,0.01,0.03,0,0,0.01,0.01,0,0.01,0,0,-0.01,0,0.02,0.01,0.01,0.01,0.01,0.01,0.01,0.01,0.01,0.01,0.02,0.01,0.01,0,0,0.01,0.01,0,0,0,0,0,0.01,0,0,0,0,0,0,0,0,0,0,0,0,0.01,0,0,0,0.01,0
AAGCAGUGCCACUUGUCUAAUAUAAGAUGAU,0.355,0.161,0.194,0.29,0.04,0.03,0,0,-0.06,0.01,0,-0.01,-0.01,0,0.03,0.02,0.01,0.04,0.01,0,0.02,0.04,0.02,0.03,0,0.01,0,0.01,0.01,0.04,0.04,0.02,0.01,0.02,0.01,0.01,-0.01,-0.01,0.01,-0.01,-0.01,0,0.02,0.01,0.01,0.01,0.01,-0.01,0.02,0.02,0.03,0.01,0.01,0.01,0.01,0,0.02,0.01,0.02,0.01,0.01,0,0,0,0,-0.01,0.01,0,-0.01,0.01,0,0,0.01,0,0.01,0,0,0.02,0,0,0,0,0,-0.01,0.01,0.01,0,0.01,0
GAUUUUACCGUUUUCUGGGGACAUCAUGAUA,0.226,0.161,0.226,0.387,0.01,0.01,0.01,-0.01,0.01,0.01,0.02,0.02,0.01,-0.01,-0.01,0,-0.04,0,-0.02,0.03,0.01,0.02,0,0.01,0.03,0.01,0,-0.02,0,0,0.01,0.01,0.01,0.01,0,0,0.01,0.01,0.01,0.02,0,0,0,0.01,0.01,-0.04,-0.01,0.02,0.01,0.02,0.01,0.01,0.01,0.01,0.01,0,0.01,0.01,0.01,0,0.01,0,0.02,0.01,0,0.01,0.01,0.01,0,0,0.01,0,0,0,0.01,0,0.02,0,0,0.01,0.01,0,0.01,0,0,0,0.01,0,0
CAUCAUGAUAUCAUUUGGUACAUAAUGAACA,0.387,0.161,0.129,0.323,0.02,0.01,0.02,0.01,0,-0.01,0.02,0.02,0.02,0.02,0,0.02,0.03,0,-0.04,-0.02,0,0.02,0.01,0.01,0.01,-0.02,0.02,0.01,0.02,0.02,-0.01,-0.03,-0.01,0.02,0.01,0.01,0,0,0,0.01,0.01,0.01,0.01,0.01,0.02,0.03,-0.03,0,0,0.01,0.01,0.01,0.01,0,0,0.03,0.01,0.02,0.01,-0.01,0.01,0,0,0.01,0,0,-0.01,0.01,0,0,0,-0.01,0,0,-0.03,0.01,0,0,0,0.01,0,0,0.02,0.02,0.01,0.01,0.01,-0.01,0
GAUAAUUGGAUUUCUUGCAUUUUUUGCGAUU,0.194,0.097,0.194,0.516,0.01,0.01,0.02,0,0.01,0.02,0,0,0.02,0.05,0.01,-0.03,0,0.02,0.05,0.01,0,0.03,0.05,0.04,0.04,-0.01,-0.01,0.01,0.02,0.01,0,0.01,0.01,0.01,0.01,0.01,0.01,0.02,0.01,0,0.01,0.01,0.02,0,-0.02,0,0.02,0.02,0,0.02,0.04,0.04,0.01,0.02,0,0.01,0.01,0.01,0.01,0.01,0.01,0.01,0,0,-0.01,0,0,0.01,0.01,0,0.01,0,0,-0.01,0,0,-0.02,0,0.01,0.01,0.01,0.01,0.01,0,0,0,0,0.01,0
UUUUGCGAUUAUGGCUUGUUGACCAUUCACA,0.194,0.194,0.194,0.419,0.02,0.01,-0.01,-0.01,0.01,0.01,0,0.03,0.03,-0.01,-0.01,-0.02,0,-0.03,0,0.01,0,-0.01,0,0,0.01,-0.01,0.01,0.01,-0.01,0,0.01,0,0.03,0.02,0.01,-0.01,0.01,0.01,0,0.02,0.03,0,0.02,-0.02,0.01,0,-0.01,0.02,0,0.01,-0.01,0,0,0,0,0.01,0.01,0.01,0.01,0.01,0,0,0,-0.02,0,0.01,-0.01,0.02,0.01,0.02,0.01,0,0,0,0.01,0.01,0.01,0,0,-0.01,0,0.01,-0.01,0.01,0.01,0,0,0,0
ACCAUUCACAAAAGUUGGUCUAACAUAAUUU,0.387,0.194,0.097,0.323,0.03,-0.01,-0.01,0,0.01,-0.02,0.01,0,-0.02,0.03,0.03,0.01,0.01,0,0.09,0.09,0.03,0.02,0.03,0.02,-0.01,0.01,0.01,0,0.02,0.04,0.02,0.02,0.01,0,0.01,0.01,0,0.01,0.01,0.01,0,0.01,0.02,0.01,0.01,0.01,0,0.09,0.03,0.02,0.02,0.03,0.02,0,0,0.01,0.01,0.01,0.01,0.02,0.01,-0.01,0,0,0.01,0,0,0,-0.01,0,0,0,0.01,0.01,0,0.02,0,0,0.01,0.01,0.01,0.01,0,0,0,0.01,-0.01,-0.01,0
UAAGUCCUUGUAAUAUUCUAGCUUUUGAGUC,0.226,0.161,0.161,0.452,-0.02,-0.01,-0.01,0,0.01,-0.01,0.03,0.01,0,0,0,-0.01,0.02,0.03,0.09,0.03,0.01,-0.02,0,0.02,0.04,0.01,0.04,0.02,-0.01,0.01,0.01,0.01,0.02,-0.01,-0.01,0,0,0.01,0.02,0.01,0.01,0.01,0.02,0.01,0.01,0.02,0.03,-0.01,0.01,0,0.01,0.01,0.01,0.01,0.02,0.01,0.01,0.02,0,0.01,0.04,0,-0.01,0.01,0,0.01,0,0,0,0,0,0,0.01,0.02,0,0,0,-0.01,0,0.01,0.01,0.01,0.01,0,0,0.01,0.01,0.01,0
UCUGGGAGUGGUAAAUCUACUGACCAUCUUC,0.226,0.226,0.226,0.323,-0.01,-0.02,-0.01,0,0.01,0,0,0.02,0,-0.01,0.01,0.02,0.01,0.01,0,0.01,0,0.01,0.01,0.02,0,-0.03,-0.01,0,0,0.02,0.04,0.03,0.03,-0.01,0,0.01,0,0.01,0.01,0.01,0.01,0,0.01,0.01,0.01,0.01,0,0,0,-0.02,0.01,0,0.01,0,-0.01,0.01,0.02,0.01,0.01,0.02,0.01,0.01,0.01,0,0,0,0,0,0,0.01,0,0,0,0,0,0,-0.02,0.01,0,0,0,0,0,0,0,0.01,0,0,0
UUUUAUCCAAUCAUCUGGCAAGUCCUUAAUU,0.258,0.226,0.097,0.419,0.02,0.04,0.02,0,-0.01,-0.01,-0.01,0.02,0.02,0.02,0,0,0.01,0.04,0.09,0.09,0.01,-0.01,0.04,0.02,0,0.01,-0.01,-0.01,0.02,-0.01,0.01,-0.01,-0.05,0.02,0.02,0.01,0,0,-0.01,0.01,0.01,0.02,0.01,0.01,0.01,0.01,0.03,0.09,0.01,0,0.01,0.03,0,0.01,0.01,0.01,0.01,0,0,0.02,-0.01,0.01,0,0,0,0,-0.01,0.01,0,0.01,0,0,0.01,0.01,-0.01,0.02,0.01,0,0.01,0,0.01,0,0,0.01,0,0,0.01,0,0
UUCAUCUCUAAAAUUUAGAUAUGGACGUUUG,0.29,0.129,0.161,0.419,0.02,-0.02,0.01,0.02,0.01,0.04,0.01,0.01,0,0.01,0.03,0.02,0,0,-0.02,0.03,0,0.01,0,0.03,0.01,0.01,0.03,0,0,0.04,0.04,-0.01,0.01,0.01,0.01,0.01,0.01,0.01,0.02,0.01,0.01,0.01,0.01,0.01,0.01,0,0.01,0.02,0,0,0.01,0.01,0.01,0.01,0.01,0.02,0.01,0.01,0.01,0.01,0,0,0,0.01,0.01,0,0.01,0,0,0,0.01,0.01,0,0.01,0.01,0,0,0.01,0,0,0,0.01,0.01,0,0,0,0.01,0,0
UGGACGUUUGAGAUAUUUUCGUAUUUCUGCC,0.161,0.161,0.226,0.452,0.01,0.02,0.03,0.04,0,0.01,0.01,0.02,0,-0.01,0.01,0.06,0.03,0,0.03,0.01,0.02,0.03,0.03,0.06,0.03,0.04,0.02,0.04,0.03,0.01,-0.01,0.02,0.02,0,0.03,0.03,0.01,-0.01,0.01,0.01,0.01,0,-0.01,0.01,0.02,0.03,0.03,0.02,0.02,0.01,0.03,0.03,0.04,0.02,0.02,0.04,0.03,0.02,0.01,0.01,0,-0.01,0,0,0,-0.01,0.01,0,0.01,0,0,0,0,0,0.01,0,0,0.01,0.01,0.02,0,0.01,0.02,0,0.01,0.01,0,0,0
UAUUUCUGCCAAUUCUUCCUUUAACUGUGAC,0.194,0.258,0.097,0.452,-0.01,0.04,0.03,0.01,-0.01,-0.01,-0.02,0.01,0,0.03,0.05,0.04,0.03,0.01,0,-0.02,-0.03,0.01,-0.02,-0.01,0.03,0.03,0.01,0,0.01,-0.02,0.02,-0.02,0.01,0,0.02,0.02,-0.01,0,0,0.01,0.01,0,0.04,0.03,0.03,0.03,-0.01,0,-0.03,0,0.01,-0.01,0.01,0.01,0.01,0.02,0.01,0,0.03,0.01,0,0,0.01,0,0,0,0,0,0,-0.01,0.02,0.02,0.03,0.02,0,0,-0.02,0,0,0,0,0,0,0.02,0,-0.01,0.01,0.01,0
UAACUGUGACCGUACUGAUUCGCUUUCCCUU,0.161,0.29,0.161,0.387,-0.03,0,0,0.01,0.01,0.02,0.02,0.02,0.01,0,-0.01,0,-0.04,0,0,0.04,0.01,-0.02,-0.02,-0.03,-0.02,0.01,0.01,0,-0.02,0,0.01,0.01,0,0,0,0.01,0.01,0.01,0.01,0.01,0.02,0.01,0.01,0,0.01,-0.04,0.01,0.01,0.01,0.01,-0.01,-0.02,0,0,0.02,0.01,0,0,0.01,0,0.01,-0.01,0.01,0.01,0,0.01,0.01,0,0,0,0.01,0,0,0,0.01,0,0,0.01,-0.01,-0.01,0,0,0.01,0,0,-0.01,0,0,0
GCUUUCCCUUUGAAUUUUUAUUAUACCCUCU,0.161,0.258,0.065,0.516,0,0,0.02,0.02,-0.01,-0.01,0.03,0,0,0.02,0.01,0.03,0.03,0,-0.02,-0.02,0.01,-0.01,-0.05,-0.02,-0.02,-0.01,0.02,0.04,0.03,0.01,0,0.02,0.01,0.02,0.01,0.02,0.01,0,0.01,0.01,0.01,0.01,0.02,0.01,0.01,0.03,-0.01,0.01,0.01,0.01,-0.01,0,-0.01,-0.01,0.01,0.04,0.03,0.01,0,0.02,0.02,0.01,0,0,0,0,0,0,0,0.01,0,0,0,0,0.01,0,-0.02,0,0,0,0,0,0.02,0,0.01,0,0.01,0,0
CAUUACUUGCUUAUCUGAAUUUUUUUCCAUU,0.194,0.194,0.065,0.548,0.01,0.01,0.01,0.01,0.02,0.02,0,0,-0.01,0.01,0.03,-0.03,-0.02,-0.04,-0.04,0.03,0.01,-0.01,0.01,0,0.01,-0.01,0.02,0.04,0.03,0.01,-0.03,-0.01,-0.01,0.02,0.01,0.01,0.02,0.01,0,0.01,-0.01,0.01,0.01,0.01,0,-0.02,-0.02,-0.01,0.01,0,0,0.01,0.01,0,0.01,0.04,0.03,0.02,-0.01,-0.01,-0.01,0,0,0,0.01,0,0,0.01,-0.01,0.01,0.01,0,0,-0.01,-0.01,0,0,0,0,0,0,0.01,0.02,0,0.01,0.01,-0.01,0,0
UUGUUUGCCUAUCCUUCCAUCUGAUGACUUG,0.129,0.258,0.161,0.452,-0.03,-0.02,-0.01,0.02,0.01,0.01,0.04,0.02,-0.01,0,0.01,0.02,0.01,0.04,-0.02,-0.01,-0.01,0.02,0,0,-0.02,0.02,0.01,0.03,0.01,0,0.02,0,0.02,0,-0.01,0,0.02,0.01,0.02,0.01,0.01,0.01,0.01,0.02,0.01,0.01,0,0,-0.01,0,-0.01,0.01,0,0.01,0.01,0.01,0.01,0.01,0.01,0.01,0.02,0,-0.01,0.01,0,0,0,0,0.01,0,0,0.01,0.01,0.01,0,0,-0.01,0,0,0,0,0,0,0.01,0,0,0,-0.01,0
UGAUGACUUGAAAUGUUCUGACAGGUAAGAU,0.323,0.097,0.258,0.323,0.01,0.01,0.01,-0.01,0.03,0.04,0.01,-0.02,-0.01,0.01,-0.01,0.02,-0.01,-0.03,0.01,0.03,0,0.03,0.03,-0.03,0,-0.03,0,0.01,0.02,-0.03,0.02,0.02,0.01,0.01,0,0.02,0.01,0.03,0.02,0,0,0.02,0.01,0.01,0.01,-0.01,-0.01,0.03,0,0.01,0.03,-0.01,0,-0.01,0,0,0.01,0.01,0.01,0.01,0.01,0,0.02,0.02,0,0,0.01,0,0,0.02,0,0,0,0,0.01,0.01,0,0.01,0.01,-0.01,0,0,0.01,0,0,0,0,0.01,0
UCUCAACAUUCUUAAUCCAAACGAUGUCCUU,0.29,0.29,0.065,0.355,0,0,-0.02,0.01,0.03,-0.01,0.01,0.01,0.02,-0.01,-0.02,-0.04,0,0.02,0.01,0.09,0.03,0.02,0.03,0,0,0.01,0.01,0.01,0.02,0.02,0.01,0.02,0.03,0.02,0.01,-0.01,0.02,-0.01,0.01,0.01,0.01,-0.01,0,0,0.01,0,0.02,0.01,0.03,0.02,0.02,0,0,0,0,0.01,0.01,0.02,0.01,0.01,0.03,0.01,0.01,0.01,0.02,-0.01,0.01,0.01,0,0,0,0,0,-0.01,0.01,0.01,0,0,0.01,0,0,0,-0.01,0,0.01,0,0,0,0
CUCCUGCUUGUGUAUUAAAGGACAUGAAAUA,0.323,0.161,0.194,0.323,0.02,0.02,0.02,0.03,0.03,0.03,0.01,-0.03,0,-0.01,-0.02,0.04,0,0,0.03,0.01,0.02,0.02,-0.01,0,0.02,-0.01,-0.04,-0.01,0,-0.02,0.02,0,0.02,0.01,0.01,0.02,0.02,0.01,0.01,0.01,0,0.01,-0.01,0.01,0,0,0.03,0.01,0.02,0.01,0.01,0.01,0.01,0.01,-0.01,-0.02,0,0,0,0.01,0.02,0,0.01,0,0.01,0.01,0,0.01,0.01,0,0,0.02,0,0,0.01,0,0,0,0.01,0.01,0,0,0,0,0,0,0,-0.01,0
UUUCGCUACAUGUAAUGGAAGAUCAUCUGUA,0.29,0.161,0.194,0.355,0.03,0.03,0.03,0,0,0,0.03,0.03,0.03,0,0,0.01,0.03,0.07,0,-0.03,0.02,0.01,0.04,0.02,-0.02,0.01,-0.01,0,0,0.02,0,0.01,0.01,0.02,0.02,0.01,-0.01,0,0.02,0.02,0.02,0.03,0,0,0.02,0.03,0.02,-0.02,0.02,0.01,0.01,0.03,0,0.01,0,0.01,0.02,0.01,0.01,0.01,0,0.01,0.01,0,0,0,0,0,0,0.01,0,0,0,0.01,0,-0.01,0,0,0.01,0,-0.01,0,0.01,0,0,0,0,0,0
GAUUCGUAUCUGUAGUUUCUCAUCAGCAAGA,0.258,0.194,0.194,0.355,0.02,0,0.02,0,0.03,0.04,0.04,0.01,-0.01,0,-0.02,0.03,0.01,0.04,-0.02,0.01,0.01,0.01,0,0,0.01,0.03,0.01,0.02,0.02,0.02,0.03,0.02,0.01,0.01,0.01,0.01,0.01,0.02,0.02,0.01,0,0,0.01,0,0.04,0.01,0,-0.01,0.01,0.01,0.01,0.01,0,0.01,0.02,0.01,0.01,0.01,0.01,0.01,0.01,-0.01,-0.01,0,0,0,0,0,0.01,0,0.01,-0.01,0.04,0.01,0,0.01,0.01,0,0,0,0,0.01,0.01,0,0.01,0.01,0,0,0
UCUUUCAAAAACGCUUGAUUUGCUGGCACCU,0.226,0.258,0.161,0.355,0,0.01,0.02,-0.01,0.03,0.03,-0.03,0,0.02,0,0.01,0.01,0.03,0.07,0.01,0.03,0.01,0,-0.01,0.01,0.04,0.01,0,0,0.02,0.01,0,-0.01,0.02,0.02,0.01,0.01,0.01,0.01,0.01,0.01,0.01,0,0.01,0,0.02,0.03,0.01,0.03,0.01,0.01,0.01,0.01,0.01,0.01,0,-0.01,0.01,0.01,0.01,-0.01,-0.01,0.01,0,0,0.01,0,0,0.01,0,0.01,0.01,0.01,0,0.01,0.01,0.01,0,0,0,0.01,0.01,0.01,0.01,-0.02,0,0,0.01,0,0
CUUAAUAGCGCUUGUUUCUGCUUGCUCUACC,0.129,0.29,0.161,0.419,0.03,0.02,-0.01,0.01,0.06,0.01,0,0.01,0,0,0,0,0.01,0.04,-0.02,-0.01,-0.01,0.04,0.02,-0.02,-0.02,-0.03,-0.04,0.01,0,0.04,0.02,0,0,0.02,0.01,0,0.02,0.02,0.01,0,0.01,0.01,0.02,0,0,0.01,0,0,-0.01,0.01,0.03,-0.02,0.01,-0.01,-0.01,0,0.01,0.01,0.01,0.01,0,0.01,0,0,0.01,0,0.01,0,0,0,0,0,0,0.01,0,0,-0.01,0.01,0,-0.01,0.01,0,-0.01,0,-0.01,0,-0.01,0,0
CUCUAGGUGAACGUUUAAUCUGACAUCCGGG,0.226,0.226,0.258,0.29,0.01,0.01,0.02,0,-0.02,0.02,0.04,0.05,0.02,0.03,0.05,0.03,0.01,0.04,-0.02,0.01,0.01,0,0,-0.02,0.01,0.03,0.02,0.03,0.02,0.02,-0.01,-0.03,-0.03,0.01,0.01,0.01,0,0.01,0.02,0.02,0.03,0.02,0.04,0.02,0.04,0.01,0,-0.01,0.01,0.01,0.01,0.01,0.01,0.01,0.01,0.02,0.01,0.02,0,-0.01,-0.03,0.01,0,0,-0.01,0,0.01,0,0,0,0.02,0,0.04,0.01,0,0.01,0.01,0,0,0.01,0,0.01,0,0,0.01,0,0,-0.01,0
AAGUUUGAUGUGAAGUAUUCUGCUAACCGUU,0.258,0.129,0.226,0.387,0,0.01,-0.01,0,-0.02,0.04,0,0.05,0.02,0.03,0.05,0.03,0.01,0.04,-0.02,0.01,0.01,0.02,0.02,0.01,-0.01,0.03,-0.01,0,0.02,0.03,0.01,0.01,0.03,0.02,0,0.01,0,0,0.01,0.01,0.03,0.02,0.04,0.02,0.04,0.01,0,-0.01,0.01,-0.01,0.01,0.01,0.01,0.02,0,0.01,0.01,0.02,0.01,0.01,0.01,0.01,0,0.01,0,0,-0.01,0,0,0,0.02,0,0.04,0.01,0,0.01,0.01,-0.02,0.01,0.01,0,0.01,0,0.01,0,0,0,0.01,0
CAGGUCCUUCACCUGUUUGUCCAAGGGAGUA,0.194,0.258,0.258,0.29,0.01,0.01,0.02,0.03,0.03,0.04,0.03,0.01,0.03,-0.01,-0.01,0.01,0,-0.03,-0.02,-0.02,0.01,0.02,0.01,0.01,0.01,0.01,-0.01,0.01,0.02,0.01,0.03,0.01,0.01,0.01,0.02,0.01,0.02,0.01,0.02,0.01,0.01,0,0.02,0.01,0.01,0,-0.02,0.01,0.01,0,0.01,0.01,0.01,0.01,0,0.01,0.01,0.02,0.01,0.01,0.01,0,0.01,0,0.01,0,0,0.01,0,0.02,0.01,0,0,0,0,0,-0.02,0,0,0,0,0,0.01,0.01,0,0,0,0,0
AGGGGACUUUCUGGCUUUUUUUUUUACGAAA,0.194,0.129,0.226,0.452,0,-0.02,0.02,0.01,0.01,0,0.02,0.03,0.02,0,0,0,0,0.02,0.01,0.03,0.01,0.01,-0.01,0.03,0.01,0.03,0.01,0.04,0.01,-0.01,-0.01,0.02,0,0.01,0.01,0.01,0.01,0.01,0,0.02,0.02,0.02,0.01,0.01,0.01,0,0.02,0.03,0.01,0.01,0.01,0.01,0.01,0.02,0.01,0,0,0,0.01,0,0,0,0,0,0.01,0,0,0.02,-0.01,0.01,0,0,0,0,0.01,0.01,0,0,-0.01,0,0,0.01,0,0,0,-0.01,0,0,0
CUCUUCCUCAUCAUCUUCAGCCUCAACAUUU,0.194,0.387,0.032,0.387,0.01,0.01,0.01,-0.01,0.03,0,0.02,0,0,0.02,0,0,0.03,0.07,0.01,-0.02,0.01,-0.03,0.02,0.03,0.02,0.03,0.04,0.04,-0.02,0.01,-0.03,-0.02,0.03,0.01,0,0.02,0.01,0.01,0.01,0.01,0,0.01,0.01,0.01,0.01,0.03,0.01,-0.02,0.01,-0.02,0.02,0.02,0.01,0.02,0.01,0.02,0.01,0,0.01,0,0,0,0.02,0.02,0,0,0,0,0,0,0.01,0.01,0,0.01,0.01,0,-0.02,-0.01,0,0,0.01,0.01,0,0.01,0.01,0.01,0,0,0
UCCAACCGCAACUUCUUGUUCUUGCUUAUGC,0.161,0.323,0.129,0.387,-0.01,0,0.01,-0.01,0,0.02,0.03,0.01,0.01,0.05,0.01,0.02,0.01,0,0.03,-0.03,0,0,0.03,0.02,-0.03,0.05,0.01,0.03,0.02,0.04,0.04,0.03,0.04,0,0,-0.01,0.01,0.01,0.01,0.01,0,0.03,0.01,0.02,0.01,0.01,0,0,0,0,0.01,0.03,0,0.02,0.01,0.01,0.01,0.01,0.02,0.02,0.01,0,0,-0.01,0,0.01,0.01,0.01,0.01,0.01,0,0.01,0,0,0,0,0,0,0,0.01,0,0,0,0.01,0,0.01,0,0,0
CCUGCUUAUUGUGGGUUGUCCCGCCAUUAUU,0.097,0.258,0.226,0.419,-0.02,0,-0.01,-0.02,0.01,0.03,0.02,0.01,0.02,0.02,-0.01,0.01,0.01,0.03,0.09,0.09,0.03,0.01,0.03,0.06,0.01,0.01,0.02,0.01,0.02,0.01,0.02,0,0.01,0,0.01,-0.01,0,0.02,0.01,0.01,0.01,0.02,0,0,0.02,0.01,0.03,0.09,0.03,0.02,0.01,0.03,0.01,0.01,0.01,0.03,0.01,0.02,0,0.01,0.02,-0.01,0,0,0,0.01,0,0.01,0,0.01,0,0,0.02,0.02,0,0.02,-0.01,0.02,0,0.02,0,0,0.01,0.02,0.01,0,0.01,0,0
CGCCAUUAUUGUUAAUAGAUUCAACAAAAUA,0.419,0.161,0.097,0.323,0.02,0.02,-0.02,-0.01,0,0.01,0.01,0.02,-0.01,0.02,0.03,0.04,0.03,0.07,0.01,-0.02,0.01,0.04,0.02,0.02,0.04,-0.01,0.02,0.03,-0.01,0.02,0.02,-0.02,0,0.01,-0.01,-0.01,0.01,0.01,0.01,0.01,0.01,0.01,0.01,0.02,0.03,0.03,0.01,-0.02,0.01,0.02,0.03,0.03,0.03,0.02,0,0.02,0.02,0.01,0.01,0.01,0,0,0,0,0,0,0.01,0,0,0,0,0.02,0,0,0.01,0,-0.02,0.01,0,0.03,0.01,0.01,0,0,0,-0.01,-0.01,0,0
UUUAUCAUUGAAAAUUCACGUGAUCGCAAUA,0.355,0.161,0.129,0.355,0.03,0.02,0,0.01,0.01,0.02,0.01,0.01,0.01,0.03,0.01,0.06,0.03,0,-0.04,-0.02,0,-0.01,0.01,0,0.02,0.01,0.01,-0.01,0.01,0,0.01,-0.01,-0.01,0.02,0.01,0,0.01,0.01,0.01,0.01,0.01,0.01,0.01,0.01,0.02,0.03,-0.03,-0.03,0,0.01,0.01,0.01,0,0.02,0.01,0.01,0.01,0.01,0.01,0.01,0,0.01,0.01,0,0.01,0.01,0,0.01,0,0,0,0,0,0,-0.03,0,0,0.01,0,0,0.01,0,0,0,0.01,0.01,0,0,0
GAUCGCAAUAUUCCGUCAGGAGUGAUAAAUA,0.355,0.161,0.226,0.258,0,-0.02,-0.01,0,0.03,0.04,0.03,0.03,0.02,0,0.01,-0.01,0.01,0,-0.04,-0.02,0.01,0.03,0.05,0,-0.02,0.01,0,-0.01,-0.03,0.02,0.04,0.02,0.03,-0.01,-0.01,-0.01,0.01,0.02,0.02,0.01,0.01,0.01,0.01,0.01,0,0.01,-0.03,-0.03,0.01,0.02,0.04,0.01,-0.01,0.01,0.01,0.01,0,0.01,0.01,0.01,0.01,0,-0.01,-0.01,0,0,0,0,0.01,0,0,0,0,-0.01,-0.03,0,-0.01,0.01,0.01,0,0,0,0,0,-0.01,0,0,0,0
UCGUCAUUGCACAAAUUAGUUUAUUAUUCAC,0.29,0.194,0.097,0.419,-0.01,0.01,0.03,0.01,-0.02,0,0,0.01,0.03,0.01,0,-0.01,0.01,0.03,-0.02,0.04,0.01,0,0.01,0.01,0.02,0.03,0.03,0.04,0.02,0.02,0.03,-0.03,0.02,0,0.02,0.03,-0.02,0,0.02,0.01,0.01,0.01,0.01,0.01,0.01,0.01,0.01,0.01,0.01,0.01,0.01,0.01,0.01,0.01,0.02,0.01,0,0.02,0.02,0.01,0.01,0.01,0.02,0.02,-0.01,0.01,0,0.01,0,0,0,0,0.01,0,0.01,0.01,0.01,0.01,0,0,0,0.01,0.01,0.01,0.01,0.01,0.01,0.01,0
UAUUAUUCACGACUCUUAACAACGACAAUUU,0.355,0.226,0.065,0.355,-0.01,0.02,0.05,0.03,0,0.04,0.04,0.05,0,0.03,-0.02,-0.02,0.03,0.07,0,-0.02,0.02,0.02,0.02,0.03,0.01,0.03,0,0,-0.01,0.01,0.02,0.05,0.03,0.01,0.02,0.03,0,0.01,0.02,0.02,0.01,0.01,0.02,0,0,0.03,0.02,-0.01,0.02,0.03,0.01,0.01,0.01,0.02,0.02,0.01,-0.02,0.01,0.02,0.02,0.02,0,0.01,0,0,0,0,0,0,0,0.01,0.01,0,0,0,-0.01,0,0.01,0,0.01,0,0.01,0.01,0.01,-0.01,0,0,0,0
UAGACAGGUCGUCCGUAGAUAUUUACAUAAA,0.355,0.161,0.194,0.29,0,0.01,0.01,0.04,0,0.01,0,0,0.03,0,0,0,0,0.02,0.05,0.01,0,0.03,0.05,0.04,0.02,0.03,0,0.03,-0.01,0.01,0,0.02,0,0.01,0.01,0.01,0.01,0.01,0.01,0.01,0.01,0.01,0.01,0,0.01,0,0.02,0.02,0,0.02,0.04,0.04,0.03,0.02,0.01,0.01,0.01,0,0.01,0.01,0.02,0,0,0.01,0.01,0,0,0.01,0.01,0,0.01,-0.01,0,-0.01,0,0,-0.02,0,0.01,0.01,0.02,0,0,0.01,0,0,0.01,0.01,0
UACUACACAGACUACUAUUAGAAUUUGCGAA,0.387,0.194,0.129,0.29,0.02,-0.01,-0.01,-0.02,0,0.02,0.01,0.03,0.03,0.05,0.01,0.02,-0.01,-0.03,0.05,0.04,0.01,0.01,0,0.03,0.03,0.01,0.03,0.02,-0.01,0.02,-0.01,0,0,0.01,0.01,0,0,0.01,0.01,0.02,0.03,0.01,0.02,0,0.01,-0.01,0.01,0.02,0.01,0.01,0.01,0.01,0.03,0.02,0,0.02,0.01,0,0,0,-0.01,0.01,0.01,0,-0.01,0.01,0,0.01,0.01,0.01,0.01,0,0,0,0.01,0,0,0.01,0,0,0.02,0,0.01,0.01,0.01,0,0,0,0
AAUUUGCGAAGGAUUUACCGAAGAAAAGCAC,0.419,0.161,0.226,0.194,0,0,-0.01,0,-0.02,0,0.01,0.03,0.02,0,0.02,0.03,0.03,0.02,0,-0.02,-0.03,0.01,-0.03,-0.03,-0.02,0.01,0.02,0.03,0.01,0.02,0.01,0.03,0.01,0.01,0,0.01,0,-0.01,0.01,0.01,0.01,0.01,0.02,0.02,0.02,0.03,0,0.01,-0.03,-0.01,0.01,0,0,-0.01,0.01,0.02,0.01,0.01,0.01,0.01,0.01,0,0,0.01,0,0,0,0,0,0.02,0,0,0,0.03,0,0,-0.02,0,0,0,0,0.01,0,0,0,0,0,0,0
AGAAAAGCACAGACCUUAUUGAGCUUUUGAA,0.387,0.161,0.194,0.258,0.02,0,0.01,0,0.03,0.01,-0.04,0.01,0.01,0.03,0.04,0.04,0.03,0.01,0.01,0.01,0,0.01,0.01,0.01,0.02,0.01,0.02,0.03,0.02,0,0,0.01,0.02,0.01,0.01,0,0.01,0.01,0.01,0,0.01,0.01,0.02,0.03,0.03,0.03,0.02,0.01,0,0.03,0,0.02,0.01,0.01,0.01,0.02,0.01,0,0,0.01,0.02,-0.01,0.01,0,0,0,0,0,0,0,0,0.01,0.03,0.02,-0.01,0,0.03,0,-0.01,0.01,0,0,0,0,0.01,0,0,0.01,0
UCAAUAACCAGGAGUUUCAAAAACAAACAGG,0.484,0.194,0.161,0.161,0.01,0.01,0.04,0.02,0.01,0.02,-0.01,0.02,0.02,0.04,0.05,0.04,0,0.02,0,-0.02,-0.04,-0.03,-0.02,-0.01,0.04,0.05,0.04,0,0,0.01,0.04,0,0,0.01,0.01,0.02,0.01,0.01,0.01,0.01,0.02,0.03,0.01,0.03,0,0,0,-0.01,-0.04,-0.03,0,-0.01,0,0.03,0.02,0.01,0.01,0.01,0.01,0.01,0,0,0.01,0.01,0,0,0,0.01,0,0,0,0.02,0,0,0,-0.01,0,-0.01,0,0,-0.01,0.01,0,0,0,0,0,0,0
CACUUUUCAUUGAUCUAUUUGAUAAAUCUGC,0.258,0.194,0.097,0.452,0.02,0.02,0.01,0.01,-0.02,-0.01,0.03,-0.03,0.02,0,-0.01,0,0,-0.04,0.05,-0.01,-0.01,0.01,0.04,0.02,0.03,0.02,0.03,0.01,-0.01,0.03,0,0,-0.01,0.01,0.01,0.01,0,-0.01,0.02,0.01,-0.01,0,-0.01,0.01,0,0,-0.01,0.02,-0.01,0.01,0.01,0.03,0.02,0.02,0.01,0.01,0.01,0.01,0.01,0.01,0.01,0,0,0.01,0,0.01,0,0,-0.01,0,-0.02,0,0,0,0.01,0,-0.01,0,0.01,0,0.02,0.01,0,-0.01,0,0,0,0,0
CACUAGAGUCCAAUCUACGCGACUUAUUGCA,0.29,0.29,0.161,0.258,0,0.04,-0.03,-0.01,0.02,0.02,0,-0.01,0.01,0.03,-0.01,0.01,-0.01,-0.03,0,-0.02,0.01,0.03,0,-0.01,0.01,0.02,0.03,0.01,0,-0.02,0.02,0.01,0.03,0.02,0,-0.01,0.01,0.03,0.02,0.01,0.01,0.01,0,0.01,0.01,-0.01,-0.01,0.01,0.01,0.02,-0.01,-0.01,0.01,0.01,0.01,0.01,0.01,0.01,0.03,0.01,0.02,0.01,-0.01,0,0,0,0.01,0,0,0,-0.01,0,0,0,0.01,0,-0.01,0.01,0,0,0,0.01,0,0.01,0,0,0.01,0.01,0
ACUUAUUGCAUUCCUUGGAAGGUGAAAGUCU,0.258,0.161,0.226,0.355,0,0,0.01,0.01,0,0,0.01,-0.01,0.02,0.01,0.03,0.04,0.03,0.07,-0.04,0,0.02,0.04,0.02,0.02,0.04,0,0,-0.02,0,-0.02,-0.03,0.03,0.01,0.01,0,0,0.01,0.01,0.01,0.01,0,0.01,0.01,0.02,0.03,0.03,0.01,0.01,0.02,0.02,0.03,0.03,0.03,0.02,-0.01,0,-0.01,0,-0.01,0.01,0.01,0,0,-0.01,0,0,0.01,0.01,-0.01,0,0,0.02,0,0,0.02,0,0,0.02,0,0.03,0.01,0.01,0,0,0,0.01,-0.01,-0.01,0
UGCACGAUGGUCCAGUUAUUGAUGAAUUUUU,0.226,0.129,0.226,0.419,0.01,0.02,0.05,0.01,0.01,0.01,0.02,0,0.02,0,-0.02,0.04,0.03,0.01,0.09,0.09,0.01,0.01,0.01,0,-0.01,0.03,0,0.01,0.01,0.02,0.02,0.02,0.03,0.01,0.02,0.01,0.01,0.01,0.01,0.01,0.01,0.01,0.01,0.01,0.03,0.03,0.03,0.09,0.01,0.01,0,0,0,0.01,0.02,0,0.01,0.01,0.02,0.02,0.03,0,0.01,0,0,0,0,0,0.01,0,0.01,0.02,0.03,0.02,0,0.02,0.01,0,-0.01,0,0,0,0.01,0,0,0,0,-0.01,0
AUUUGGCCAUUCAACUUCAUAAGUGGUCGGU,0.226,0.194,0.226,0.355,0.04,0.02,-0.01,0.02,0.02,0.02,0.01,-0.02,0,-0.02,0.01,0.01,0.01,0,-0.04,-0.02,0,0.04,0.01,0.04,0.04,0.05,0.01,0.03,-0.01,0.02,0.02,-0.02,-0.03,0.01,0.01,0,0.02,0.02,0,0,0.01,0,0,0.01,0,0.01,-0.03,0,0,-0.01,0.01,0.02,0.02,0.03,0.01,0.01,0.02,0.01,0.01,0,0.01,0,0,0,0,0.01,0,0,0,0,-0.01,0,0,-0.01,-0.03,0.01,0,-0.01,0,0.01,0,0.01,0,0,0,-0.01,-0.01,-0.01,0
AAGGUACCAGGAAAGUUUCUGAAACCAUCCC,0.355,0.258,0.194,0.194,-0.01,-0.01,-0.01,-0.01,0,0.02,0.02,0,-0.04,0,0.01,-0.01,-0.02,-0.02,-0.01,0.01,-0.01,0.01,0.03,0.06,0.02,0,0.03,0.01,0,0.03,0.04,0.01,-0.01,0,0.01,0,0,0.01,0.01,0.01,-0.01,0.01,0.01,0,0,-0.02,0.01,0,-0.01,0.01,0.01,0.02,0.01,0.01,0.01,0.01,0,0.01,0.01,0.01,0.01,-0.01,0.01,0,0.01,0,0,0,-0.01,0,0,0,0,-0.02,0,0,0.01,0.01,0,0.01,0,0.01,0,0.01,-0.01,0.01,0,0,0
AAUCUUUACUCUACUUAUUAUCCAUUGCAUC,0.258,0.258,0.032,0.452,0.01,0.02,-0.01,-0.01,0,0.02,0.03,0.01,0.01,-0.02,-0.03,0,-0.04,0,-0.04,-0.02,0.02,0.02,0,-0.02,-0.03,-0.01,-0.01,0,0,0.03,0.02,0,0.01,0.01,0,-0.01,0,0.01,0.01,0.01,0.01,0.01,0.01,-0.01,0.01,-0.04,-0.03,0,0.02,0.03,0.01,0,-0.02,0.01,0,0.01,0,0,0.01,0.01,0.02,0,0,0,0.01,0,0,0,0,0,0.01,0,0,0,-0.03,0.01,0,0.01,0,0,0,0,-0.01,0,0,-0.01,0.01,0,0
CCCCUGAAUAUCUUAUUUUAGCAUUAGUCAA,0.29,0.226,0.097,0.387,0.01,0.01,0.04,-0.02,0,0,0.02,0.01,0.02,0.03,-0.01,-0.01,-0.04,0,-0.04,-0.02,-0.04,-0.02,-0.03,-0.02,-0.02,-0.04,-0.01,-0.02,0,0.01,0,0.02,0.01,0.01,0.02,0.02,0,0.01,0.01,0.01,0.01,0.01,0.01,0,0,-0.04,-0.03,0,-0.04,-0.01,0,0.01,0,0,-0.01,-0.01,0.01,0.01,0.01,0.01,0.01,0,0.01,0,0.01,0,0,0.01,0.01,0,0.01,0,0,0,-0.03,0.01,0,0.01,0.01,0,0,0,0,0,0,0,0.01,0.01,0
CAUUAGUCAAAGAAAUGAAGCGGUUCGUUUU,0.323,0.129,0.226,0.323,0.01,0.01,0.02,0.02,0.01,0,0,-0.01,-0.02,-0.01,-0.02,0.04,0.03,0.01,0,-0.02,0,-0.03,0.02,0.03,0.01,-0.01,0.03,0.02,0.03,0.03,0.04,0.02,-0.01,0.01,0.02,0.01,0.01,0,0.02,0,0,0,-0.01,0.01,0.03,0.03,-0.01,0,0,0,0.02,0.02,0.01,-0.01,0.01,0.02,0.01,0.02,0.02,0.01,0.01,0,0.01,0,0,0.01,0,0.01,0,0,0,0.02,0.03,0.02,0,0,0,0,0,0,0,-0.01,0.01,0.01,0,0,0.01,0,0
GGUUCGUUUUAUUGAUAGAAAACAGGACAGU,0.323,0.097,0.258,0.323,0,-0.01,0.02,0,0.01,0.02,0.02,-0.01,-0.01,0.01,-0.01,-0.03,-0.02,0.01,0.09,0.09,0.01,0.03,0.05,0.04,0.02,0.03,0,0.01,0,0.03,0.01,0.03,0.03,0,-0.01,0.01,0.01,0.02,0.01,0.01,0,0.02,0.01,-0.02,0.01,-0.02,0.03,0.09,0.01,0,0.04,0.04,0.03,0.02,0.03,0.02,0.01,0.01,0.01,0.01,0.02,0,-0.01,0,-0.01,0,0,0,0,0.02,0,0.01,0.01,0,0,0.02,0.01,-0.01,0.01,0.01,0.02,0,0,0.01,0,0,0,0,0
